employee_id,first_name,last_name,Present_Count,Absent_Count,Late_Count,Attendance_Percentage,Attendance_Label
1,Paul,Casey,28,3,0,90.32,1
2,Danielle,Sandoval,28,3,0,90.32,1
3,Tina,Andrews,31,0,0,100.0,1
4,Tara,Clark,30,1,0,96.77,1
5,Anthony,Campos,23,8,0,74.19,0
6,Kelly,Wade,31,0,0,100.0,1
7,Anthony,Smith,31,0,0,100.0,1
8,George,Short,29,2,0,93.55,1
9,Stanley,Gutierrez,28,3,0,90.32,1
10,Audrey,Simpson,24,7,0,77.42,0
11,Gabrielle,White,28,3,0,90.32,1
12,Clinton,Randolph,27,4,0,87.1,1
13,Patricia,Gomez,30,1,0,96.77,1
14,Pamela,Jackson,28,3,0,90.32,1
15,Laura,Jackson,31,0,0,100.0,1
16,Roger,Wiley,31,0,0,100.0,1
17,Vicki,Thompson,30,1,0,96.77,1
18,Maxwell,Davidson,28,3,0,90.32,1
19,Jonathan,Werner,30,1,0,96.77,1
20,Angela,Rios,30,1,0,96.77,1
21,Tim,Nichols,31,0,0,100.0,1
22,Kyle,Willis,27,4,0,87.1,1
23,Shannon,Simpson,27,4,0,87.1,1
24,Sean,Griffin,31,0,0,100.0,1
25,Cassandra,West,28,3,0,90.32,1
26,Patricia,Chavez,31,0,0,100.0,1
27,Jason,Williams,29,2,0,93.55,1
28,Peter,Gibbs,28,3,0,90.32,1
29,Jeffrey,Blanchard,28,3,0,90.32,1
30,Carol,Hill,28,3,0,90.32,1
31,Angie,Miller,29,2,0,93.55,1
32,Cynthia,Knapp,29,2,0,93.55,1
33,Timothy,Bryant,28,3,0,90.32,1
34,Phyllis,Diaz,29,2,0,93.55,1
35,Lisa,Burns,30,1,0,96.77,1
36,Kelly,Farley,30,1,0,96.77,1
37,Ryan,Lee,31,0,0,100.0,1
38,Michael,Gilmore,28,3,0,90.32,1
39,Miguel,Martinez,28,3,0,90.32,1
40,Christopher,Taylor,28,3,0,90.32,1
41,Emily,Holloway,30,1,0,96.77,1
42,Jesus,Rasmussen,31,0,0,100.0,1
43,Lauren,Farmer,30,1,0,96.77,1
44,Pamela,Cole,29,2,0,93.55,1
45,David,Gillespie,29,2,0,93.55,1
46,Kenneth,Davis,29,2,0,93.55,1
47,Elizabeth,Martin,30,1,0,96.77,1
48,Billy,Soto,29,2,0,93.55,1
49,Kimberly,Kelly,30,1,0,96.77,1
50,Sonia,Noble,29,2,0,93.55,1
51,Christopher,Stewart,29,2,0,93.55,1
52,Sandra,Thornton,29,2,0,93.55,1
53,Luke,Shannon,31,0,0,100.0,1
54,Lindsay,Pruitt,29,2,0,93.55,1
55,Jamie,Taylor,31,0,0,100.0,1
56,Jennifer,Murphy,29,2,0,93.55,1
57,Melissa,Lee,29,2,0,93.55,1
58,David,Vaughn,29,2,0,93.55,1
59,Jacob,Hanson,30,1,0,96.77,1
60,Casey,May,31,0,0,100.0,1
61,Michelle,Roman,29,2,0,93.55,1
62,Brittany,Koch,29,2,0,93.55,1
63,Brian,Lewis,29,2,0,93.55,1
64,Veronica,Cameron,29,2,0,93.55,1
65,Eric,Reyes,29,2,0,93.55,1
66,Kristy,Weber,31,0,0,100.0,1
67,Anthony,Smith,29,2,0,93.55,1
68,Steven,Stephens,28,3,0,90.32,1
69,Henry,Davis,30,1,0,96.77,1
70,Raymond,Shea,29,2,0,93.55,1
71,Jill,Perez,27,4,0,87.1,1
72,Kimberly,Bonilla,28,3,0,90.32,1
73,Louis,Edwards,30,1,0,96.77,1
74,Michael,Hodge,30,1,0,96.77,1
75,Anna,Li,31,0,0,100.0,1
76,Andrea,Case,29,2,0,93.55,1
77,Jennifer,Garcia,28,3,0,90.32,1
78,Rhonda,Davenport,31,0,0,100.0,1
79,Chelsea,Craig,28,3,0,90.32,1
80,Shawn,Chase,28,3,0,90.32,1
81,Elizabeth,Calhoun,29,2,0,93.55,1
82,Lisa,Harris,30,1,0,96.77,1
83,Carol,Snyder,29,2,0,93.55,1
84,Charles,Butler,28,3,0,90.32,1
85,James,Dawson,29,2,0,93.55,1
86,Dennis,Kim,31,0,0,100.0,1
87,Jennifer,Berry,25,6,0,80.65,0
88,Yvette,Bridges,29,2,0,93.55,1
89,Robert,Atkins,28,3,0,90.32,1
90,William,Brown,31,0,0,100.0,1
91,Patrick,Parker,27,4,0,87.1,1
92,James,Santiago,27,4,0,87.1,1
93,Robert,Parsons,31,0,0,100.0,1
94,Jacob,Brown,27,4,0,87.1,1
95,Natalie,Robinson,31,0,0,100.0,1
96,Victoria,Jones,29,2,0,93.55,1
97,Natasha,Hansen,29,2,0,93.55,1
98,Thomas,White,29,2,0,93.55,1
99,Derrick,Figueroa,29,2,0,93.55,1
100,Kimberly,Ward,30,1,0,96.77,1
101,Rhonda,Jones,30,1,0,96.77,1
102,Abigail,Perez,30,1,0,96.77,1
103,James,Yang,30,1,0,96.77,1
104,Stephen,Patton,30,1,0,96.77,1
105,Emma,Wright,30,1,0,96.77,1
106,Cynthia,Brown,30,1,0,96.77,1
107,Erin,Kelley,30,1,0,96.77,1
108,Benjamin,Morse,30,1,0,96.77,1
109,Alexandra,Gibson,30,1,0,96.77,1
110,Phillip,Allen,30,1,0,96.77,1
111,Joshua,Gonzalez,30,1,0,96.77,1
112,Erin,Jones,30,1,0,96.77,1
113,Charles,Hayes,30,1,0,96.77,1
114,Kelsey,Brown,30,1,0,96.77,1
115,Robert,Turner,30,1,0,96.77,1
116,Robert,Hill,30,1,0,96.77,1
117,Alyssa,Ritter,30,1,0,96.77,1
118,Beth,Bell,30,1,0,96.77,1
119,Andrew,Dixon,30,1,0,96.77,1
120,Crystal,Walker,30,1,0,96.77,1
121,Jordan,Bennett,30,1,0,96.77,1
122,Antonio,Caldwell,30,1,0,96.77,1
123,Jacob,Reyes,30,1,0,96.77,1
124,Wendy,Lewis,30,1,0,96.77,1
125,Jennifer,Miller,30,1,0,96.77,1
126,Lisa,Ware,30,1,0,96.77,1
127,Brian,Lee,30,1,0,96.77,1
128,Mario,Taylor,30,1,0,96.77,1
129,Amanda,Williamson,30,1,0,96.77,1
130,Michael,Miller,30,1,0,96.77,1
131,Amanda,Vasquez,30,1,0,96.77,1
132,Chelsea,Obrien,30,1,0,96.77,1
133,Tina,Perkins,30,1,0,96.77,1
134,Cory,Perez,30,1,0,96.77,1
135,Christopher,Jenkins,30,1,0,96.77,1
136,Joanne,Campos,30,1,0,96.77,1
137,David,Patel,30,1,0,96.77,1
138,Michelle,Hill,30,1,0,96.77,1
139,Jessica,Boyd,30,1,0,96.77,1
140,Lawrence,Russell,30,1,0,96.77,1
141,James,Singh,30,1,0,96.77,1
142,Marc,Villanueva,30,1,0,96.77,1
143,Cathy,Wilson,30,1,0,96.77,1
144,Adam,Mitchell,30,1,0,96.77,1
145,Sherry,Phillips,30,1,0,96.77,1
146,Victor,Jones,30,1,0,96.77,1
147,Mark,Young,30,1,0,96.77,1
148,Matthew,Jackson,30,1,0,96.77,1
149,Tanya,Nichols,30,1,0,96.77,1
150,Julie,Gray,30,1,0,96.77,1
151,Courtney,Perry,30,1,0,96.77,1
152,Stephen,Rodriguez,30,1,0,96.77,1
153,Elizabeth,Robinson,30,1,0,96.77,1
154,William,Graves,30,1,0,96.77,1
155,Nancy,Moore,30,1,0,96.77,1
156,Matthew,Newman,30,1,0,96.77,1
157,Anita,Moore,30,1,0,96.77,1
158,Brian,Sanchez,30,1,0,96.77,1
159,Dennis,Phillips,30,1,0,96.77,1
160,Michael,Rivas,30,1,0,96.77,1
161,Ryan,Smith,30,1,0,96.77,1
162,Anthony,Sullivan,30,1,0,96.77,1
163,Troy,Shepherd,30,1,0,96.77,1
164,Nicholas,Clayton,30,1,0,96.77,1
165,Denise,Schneider,30,1,0,96.77,1
166,Lisa,Silva,30,1,0,96.77,1
167,Laura,Reilly,30,1,0,96.77,1
168,Amy,Peterson,30,1,0,96.77,1
169,Fernando,Sexton,30,1,0,96.77,1
170,Evan,Christian,30,1,0,96.77,1
171,Rebecca,Norris,30,1,0,96.77,1
172,Erica,Marks,30,1,0,96.77,1
173,Rhonda,Webster,30,1,0,96.77,1
174,John,Bennett,30,1,0,96.77,1
175,Amanda,Murphy,30,1,0,96.77,1
176,Jeremy,Barnes,30,1,0,96.77,1
177,John,Brown,30,1,0,96.77,1
178,Traci,Boyd,30,1,0,96.77,1
179,Elizabeth,Butler,30,1,0,96.77,1
180,Alex,Clark,30,1,0,96.77,1
181,Christopher,Wolfe,30,1,0,96.77,1
182,Jason,Bell,30,1,0,96.77,1
183,Victoria,Donaldson,30,1,0,96.77,1
184,Logan,Cox,30,1,0,96.77,1
185,Rachel,Hill,30,1,0,96.77,1
186,Jenny,Lloyd,30,1,0,96.77,1
187,Joan,Cohen,30,1,0,96.77,1
188,Kimberly,Lopez,30,1,0,96.77,1
189,Steven,Walker,30,1,0,96.77,1
190,Sonia,Bowers,30,1,0,96.77,1
191,Penny,Perez,30,1,0,96.77,1
192,Mike,Harris,30,1,0,96.77,1
193,Vanessa,Sweeney,30,1,0,96.77,1
194,Adam,Edwards,30,1,0,96.77,1
195,Angelica,Johnson,30,1,0,96.77,1
196,Tiffany,Hernandez,30,1,0,96.77,1
197,Mark,Myers,30,1,0,96.77,1
198,Erica,Cochran,30,1,0,96.77,1
199,Karen,Watson,30,1,0,96.77,1
200,Kathryn,Frazier,30,1,0,96.77,1
201,Anthony,Jackson,30,1,0,96.77,1
202,Jordan,Perez,30,1,0,96.77,1
203,Jennifer,Burgess,30,1,0,96.77,1
204,Christina,Davis,30,1,0,96.77,1
205,April,Ryan,30,1,0,96.77,1
206,Maxwell,Davis,30,1,0,96.77,1
207,Matthew,Guzman,30,1,0,96.77,1
208,Robert,Mayer,30,1,0,96.77,1
209,Amanda,Willis,30,1,0,96.77,1
210,Michele,Thomas,30,1,0,96.77,1
211,Tim,Turner,30,1,0,96.77,1
212,Joe,Strickland,30,1,0,96.77,1
213,Trevor,Cruz,30,1,0,96.77,1
214,Melissa,Roberts,30,1,0,96.77,1
215,Tammy,Miller,30,1,0,96.77,1
216,Chad,Morgan,30,1,0,96.77,1
217,Samantha,Maldonado,30,1,0,96.77,1
218,Marie,Martin,30,1,0,96.77,1
219,Theresa,Tucker,30,1,0,96.77,1
220,Joseph,Morris,30,1,0,96.77,1
221,Charles,Parker,30,1,0,96.77,1
222,Rachel,Alvarez,30,1,0,96.77,1
223,Charles,Robertson,30,1,0,96.77,1
224,Steven,York,30,1,0,96.77,1
225,Robert,Dougherty,30,1,0,96.77,1
226,Vanessa,Wheeler,30,1,0,96.77,1
227,Emily,Mcclure,30,1,0,96.77,1
228,Angela,Thomas,30,1,0,96.77,1
229,Roberto,Evans,30,1,0,96.77,1
230,Christopher,Perez,30,1,0,96.77,1
231,William,Torres,30,1,0,96.77,1
232,Lisa,Gardner,30,1,0,96.77,1
233,Catherine,Owens,30,1,0,96.77,1
234,Keith,Summers,30,1,0,96.77,1
235,Linda,Adams,30,1,0,96.77,1
236,Michael,Wright,30,1,0,96.77,1
237,Kyle,James,30,1,0,96.77,1
238,Christopher,Cook,21,10,0,67.74,0
239,John,Conley,30,1,0,96.77,1
240,David,Barnett,30,1,0,96.77,1
241,Peter,Garner,21,10,0,67.74,0
242,Douglas,Stewart,12,19,0,38.71,0
243,Heidi,Jones,30,1,0,96.77,1
244,Jeremy,Daniels,30,1,0,96.77,1
245,Dustin,Dodson,30,1,0,96.77,1
246,Christopher,Cohen,25,6,0,80.65,0
247,Willie,Ellis,25,6,0,80.65,0
248,Robert,Hawkins,25,6,0,80.65,0
249,Stacy,Jordan,25,6,0,80.65,0
250,Robert,Swanson,25,6,0,80.65,0
251,Holly,Henderson,25,6,0,80.65,0
252,Debra,Valdez,25,6,0,80.65,0
253,Vincent,Robertson,25,6,0,80.65,0
254,Karen,Spencer,25,6,0,80.65,0
255,Nathan,Riley,25,6,0,80.65,0
256,Andrea,Sutton,25,6,0,80.65,0
257,Tracey,Turner,25,6,0,80.65,0
258,Tammy,Olsen,25,6,0,80.65,0
259,Sheila,Wilkinson,25,6,0,80.65,0
260,Nathan,Padilla,25,6,0,80.65,0
261,Sarah,Santiago,25,6,0,80.65,0
262,Christopher,Cruz,25,6,0,80.65,0
263,Nicholas,Sanders,25,6,0,80.65,0
264,Jessica,Waters,25,6,0,80.65,0
265,James,Miller,25,6,0,80.65,0
266,Adam,Kane,25,6,0,80.65,0
267,Patricia,Gonzalez,25,6,0,80.65,0
268,Whitney,Holmes,25,6,0,80.65,0
269,Rachel,Hamilton,25,6,0,80.65,0
270,Melissa,Marshall,25,6,0,80.65,0
271,Jacob,Henderson,25,6,0,80.65,0
272,Melissa,Huerta,25,6,0,80.65,0
273,Kevin,Camacho,25,6,0,80.65,0
274,Anthony,Martinez,25,6,0,80.65,0
275,Randy,Rodriguez,25,6,0,80.65,0
276,Patrick,Vazquez,25,6,0,80.65,0
277,Kim,Flores,25,6,0,80.65,0
278,Robert,Salazar,25,6,0,80.65,0
279,Victoria,Vasquez,25,6,0,80.65,0
280,Ricardo,Macias,25,6,0,80.65,0
281,Brandi,Bauer,31,0,0,100.0,1
282,Jorge,Roth,31,0,0,100.0,1
283,Benjamin,Davis,31,0,0,100.0,1
284,Nancy,Pierce,31,0,0,100.0,1
285,Catherine,Weiss,31,0,0,100.0,1
286,Jacob,Perez,31,0,0,100.0,1
287,Penny,Zuniga,31,0,0,100.0,1
288,Anthony,Cox,29,2,0,93.55,1
289,Angela,Nelson,30,1,0,96.77,1
290,Lisa,White,30,1,0,96.77,1
291,Robin,Parker,31,0,0,100.0,1
292,Cynthia,Shields,31,0,0,100.0,1
293,Pamela,Wilkinson,31,0,0,100.0,1
294,Brenda,Nichols,29,2,0,93.55,1
295,Laura,Rodriguez,31,0,0,100.0,1
296,Julie,Carey,31,0,0,100.0,1
297,Barbara,Andrews,31,0,0,100.0,1
298,Tracy,Johnson,25,6,0,80.65,0
299,Sarah,Oconnor,26,5,0,83.87,0
300,Joseph,Landry,26,5,0,83.87,0
301,Terry,Chen,26,5,0,83.87,0
302,Heather,Faulkner,26,5,0,83.87,0
303,Wanda,Baxter,26,5,0,83.87,0
304,Amanda,Davis,26,5,0,83.87,0
305,Gina,Powell,26,5,0,83.87,0
306,Sabrina,Hall,26,5,0,83.87,0
307,Lauren,Miller,26,5,0,83.87,0
308,Jessica,Diaz,26,5,0,83.87,0
309,Ashley,Garcia,26,5,0,83.87,0
310,Miranda,Johnson,26,5,0,83.87,0
311,Tracy,Johnston,26,5,0,83.87,0
312,Erik,Butler,31,0,0,100.0,1
313,Tiffany,Jones,31,0,0,100.0,1
314,Brandy,Campbell,31,0,0,100.0,1
315,Joel,Hicks,31,0,0,100.0,1
316,John,Miller,31,0,0,100.0,1
317,Nancy,Jones,31,0,0,100.0,1
318,Jody,Mueller,26,5,0,83.87,0
319,Steven,Fox,26,5,0,83.87,0
320,Taylor,Klein,26,5,0,83.87,0
321,David,Barron,26,5,0,83.87,0
322,Kevin,Thompson,26,5,0,83.87,0
323,Andrea,Walters,26,5,0,83.87,0
324,David,Wright,26,5,0,83.87,0
325,Anthony,Oconnor,26,5,0,83.87,0
326,Laura,Miller,26,5,0,83.87,0
327,Steven,Barrett,26,5,0,83.87,0
328,Miranda,Ruiz,26,5,0,83.87,0
329,Matthew,Anderson,26,5,0,83.87,0
330,Kenneth,Flores,29,2,0,93.55,1
331,Sydney,Johnson,29,2,0,93.55,1
332,Carla,Lewis,29,2,0,93.55,1
333,Jeffrey,Shannon,29,2,0,93.55,1
334,Angela,Park,29,2,0,93.55,1
335,Brandon,Smith,29,2,0,93.55,1
336,Kenneth,Moody,29,2,0,93.55,1
337,Scott,Hughes,29,2,0,93.55,1
338,Cody,Jimenez,29,2,0,93.55,1
339,Allen,Farmer,29,2,0,93.55,1
340,James,Young,29,2,0,93.55,1
341,Laura,Dawson,29,2,0,93.55,1
342,Donald,Carson,31,0,0,100.0,1
343,Wayne,Lane,11,20,0,35.48,0
344,Robert,Johnson,11,20,0,35.48,0
345,Melissa,Le,11,20,0,35.48,0
346,David,Rice,11,20,0,35.48,0
347,Dawn,Gomez,11,20,0,35.48,0
348,Ricky,Nichols,31,0,0,100.0,1
349,Henry,Pitts,31,0,0,100.0,1
350,Christopher,Price,31,0,0,100.0,1
351,Aimee,Adams,31,0,0,100.0,1
352,Tammy,Barry,29,2,0,93.55,1
353,Ryan,Hull,31,0,0,100.0,1
354,Samuel,Jackson,31,0,0,100.0,1
355,Joshua,Smith,30,1,0,96.77,1
356,Sydney,Stevenson,30,1,0,96.77,1
357,Christopher,Rios,31,0,0,100.0,1
358,Brenda,Collins,30,1,0,96.77,1
359,Diana,Griffin,29,2,0,93.55,1
360,Gary,Gray,30,1,0,96.77,1
361,Kimberly,Torres,31,0,0,100.0,1
362,Jeffrey,Booker,31,0,0,100.0,1
363,Nicole,Buchanan,30,1,0,96.77,1
364,Kristin,Johnson,31,0,0,100.0,1
365,Emily,Bell,29,2,0,93.55,1
366,Francis,Nelson,31,0,0,100.0,1
367,Tracy,Harris,29,2,0,93.55,1
368,Sheila,Sosa,29,2,0,93.55,1
369,Ashley,Mendez,28,3,0,90.32,1
370,Matthew,Griffin,29,2,0,93.55,1
371,Timothy,Mann,31,0,0,100.0,1
372,Christine,Foster,29,2,0,93.55,1
373,Julie,Yates,31,0,0,100.0,1
374,William,Ballard,27,4,0,87.1,1
375,Kristen,Adams,30,1,0,96.77,1
376,Chelsea,Mitchell,28,3,0,90.32,1
377,Patrick,Everett,31,0,0,100.0,1
378,Carla,Parker,29,2,0,93.55,1
379,Casey,Galvan,29,2,0,93.55,1
380,Eric,Moran,29,2,0,93.55,1
381,Tabitha,Hudson,29,2,0,93.55,1
382,Lance,Salazar,31,0,0,100.0,1
383,Melissa,Williamson,29,2,0,93.55,1
384,James,Castro,30,1,0,96.77,1
385,Joseph,Johnson,30,1,0,96.77,1
386,Gene,Woodward,30,1,0,96.77,1
387,Patricia,Watson,31,0,0,100.0,1
388,John,Carey,31,0,0,100.0,1
389,Sara,Cochran,31,0,0,100.0,1
390,Jamie,Suarez,31,0,0,100.0,1
391,Steven,Frazier,31,0,0,100.0,1
392,Nicholas,Hart,31,0,0,100.0,1
393,Cheryl,Arias,31,0,0,100.0,1
394,Marc,Brock,31,0,0,100.0,1
395,Timothy,Perez,30,1,0,96.77,1
396,Courtney,Rodriguez,29,2,0,93.55,1
397,Samantha,Clark,31,0,0,100.0,1
398,Francisco,Reilly,31,0,0,100.0,1
399,Denise,Young,28,3,0,90.32,1
400,Darrell,Williams,29,2,0,93.55,1
401,Andrew,Smith,31,0,0,100.0,1
402,Teresa,Stafford,27,4,0,87.1,1
403,Cory,Harris,31,0,0,100.0,1
404,Douglas,Irwin,23,8,0,74.19,0
405,Deborah,Miller,23,8,0,74.19,0
406,Autumn,Hernandez,23,8,0,74.19,0
407,Paul,Serrano,23,8,0,74.19,0
408,Matthew,Griffin,23,8,0,74.19,0
409,Evan,Holmes,23,8,0,74.19,0
410,Cynthia,Baker,23,8,0,74.19,0
411,Sandra,Melendez,23,8,0,74.19,0
412,Claudia,Munoz,23,8,0,74.19,0
413,Christopher,Nguyen,23,8,0,74.19,0
414,David,Jennings,23,8,0,74.19,0
415,Joel,Morris,23,8,0,74.19,0
416,Rhonda,Bradley,23,8,0,74.19,0
417,Melissa,Brown,23,8,0,74.19,0
418,Matthew,Kramer,23,8,0,74.19,0
419,Austin,Bass,23,8,0,74.19,0
420,Jennifer,West,23,8,0,74.19,0
421,Patricia,Mccormick,23,8,0,74.19,0
422,Sandra,Jacobs,23,8,0,74.19,0
423,Jasmine,Clark,23,8,0,74.19,0
424,Jeffrey,Young,23,8,0,74.19,0
425,Jason,Hernandez,23,8,0,74.19,0
426,Christopher,Hamilton,23,8,0,74.19,0
427,Monique,Peterson,23,8,0,74.19,0
428,Jill,Sexton,23,8,0,74.19,0
429,Jennifer,Kemp,23,8,0,74.19,0
430,David,Harris,23,8,0,74.19,0
431,Cheryl,Snyder,23,8,0,74.19,0
432,Nathan,Armstrong,23,8,0,74.19,0
433,Patrick,Ryan,23,8,0,74.19,0
434,Christian,Wilkins,23,8,0,74.19,0
435,Clinton,Martin,23,8,0,74.19,0
436,Adriana,Sandoval,23,8,0,74.19,0
437,Jeremy,Harvey,23,8,0,74.19,0
438,Caitlin,Murillo,23,8,0,74.19,0
439,Andrew,Green,23,8,0,74.19,0
440,Rodney,Bennett,23,8,0,74.19,0
441,Megan,Moyer,23,8,0,74.19,0
442,Mathew,Burns,23,8,0,74.19,0
443,Tammie,Stanley,23,8,0,74.19,0
444,James,Glover,23,8,0,74.19,0
445,Michelle,Reeves,23,8,0,74.19,0
446,Rhonda,Hall,23,8,0,74.19,0
447,Matthew,Kidd,23,8,0,74.19,0
448,Joseph,Stone,23,8,0,74.19,0
449,Jessica,Mendoza,23,8,0,74.19,0
450,Susan,Brown,23,8,0,74.19,0
451,Lori,Ryan,23,8,0,74.19,0
452,Ryan,Cruz,23,8,0,74.19,0
453,Nicholas,Johnson,23,8,0,74.19,0
454,Joseph,Schmidt,23,8,0,74.19,0
455,Daniel,Brown,23,8,0,74.19,0
456,Harold,Vazquez,23,8,0,74.19,0
457,Lance,Parsons,23,8,0,74.19,0
458,Jill,Mathews,23,8,0,74.19,0
459,Crystal,Nguyen,23,8,0,74.19,0
460,Susan,Perez,23,8,0,74.19,0
461,Brenda,Powers,23,8,0,74.19,0
462,Samuel,Thompson,23,8,0,74.19,0
463,Taylor,Nelson,23,8,0,74.19,0
464,Kimberly,West,23,8,0,74.19,0
465,Brad,Lee,23,8,0,74.19,0
466,Clayton,Green,23,8,0,74.19,0
467,Richard,Anderson,23,8,0,74.19,0
468,Antonio,Flores,23,8,0,74.19,0
469,Margaret,Mullins,23,8,0,74.19,0
470,Michael,Ball,23,8,0,74.19,0
471,Allen,Booth,23,8,0,74.19,0
472,Stephanie,Clark,23,8,0,74.19,0
473,Sharon,Nelson,23,8,0,74.19,0
474,Marco,Clark,23,8,0,74.19,0
475,Victor,Smith,23,8,0,74.19,0
476,Christina,Patterson,23,8,0,74.19,0
477,Jerry,Knight,23,8,0,74.19,0
478,Madison,Jacobs,23,8,0,74.19,0
479,Douglas,Watson,23,8,0,74.19,0
480,Manuel,Barrett,23,8,0,74.19,0
481,Janet,Martin,23,8,0,74.19,0
482,Teresa,Flores,23,8,0,74.19,0
483,Anthony,Mullins,23,8,0,74.19,0
484,Julie,Zamora,23,8,0,74.19,0
485,Maria,Nguyen,23,8,0,74.19,0
486,Selena,Castro,23,8,0,74.19,0
487,Whitney,Miller,23,8,0,74.19,0
488,Brenda,Mooney,23,8,0,74.19,0
489,Angela,Allen,23,8,0,74.19,0
490,Erica,Cohen,23,8,0,74.19,0
491,Kelly,Sanders,23,8,0,74.19,0
492,Michael,Clark,23,8,0,74.19,0
493,Tammy,Fields,23,8,0,74.19,0
494,Steven,Pennington,31,0,0,100.0,1
495,Matthew,Chavez,31,0,0,100.0,1
496,Stephen,Gallagher,30,1,0,96.77,1
497,Victoria,Anderson,31,0,0,100.0,1
498,Thomas,Schroeder,31,0,0,100.0,1
499,Mark,Sanchez,31,0,0,100.0,1
500,Katelyn,Moses,31,0,0,100.0,1
501,Corey,Davis,31,0,0,100.0,1
502,Susan,Klein,31,0,0,100.0,1
503,John,Martinez,31,0,0,100.0,1
504,Kendra,Robertson,31,0,0,100.0,1
505,Tamara,Olson,31,0,0,100.0,1
506,Sara,Frazier,31,0,0,100.0,1
507,Morgan,Moore,31,0,0,100.0,1
508,Eric,Snyder,31,0,0,100.0,1
509,Paul,Hale,31,0,0,100.0,1
510,Dale,Martinez,31,0,0,100.0,1
511,Sandra,Prince,31,0,0,100.0,1
512,Dawn,Poole,31,0,0,100.0,1
513,Emily,Jordan,31,0,0,100.0,1
514,John,Owen,31,0,0,100.0,1
515,Andrew,Best,31,0,0,100.0,1
516,Holly,Burns,31,0,0,100.0,1
517,Alicia,Rodriguez,31,0,0,100.0,1
518,Erin,Ray,31,0,0,100.0,1
519,Todd,Griffith,31,0,0,100.0,1
520,Melinda,Payne,31,0,0,100.0,1
521,Cynthia,Williams,31,0,0,100.0,1
522,Jenny,Washington,31,0,0,100.0,1
523,Angela,Joyce,31,0,0,100.0,1
524,William,Alvarado,31,0,0,100.0,1
525,Michael,Mercer,31,0,0,100.0,1
526,Erin,Miller,31,0,0,100.0,1
527,Robert,Heath,31,0,0,100.0,1
528,Deborah,Rojas,31,0,0,100.0,1
529,Diana,Jones,31,0,0,100.0,1
530,Meredith,Clark,31,0,0,100.0,1
531,Christina,Garrett,31,0,0,100.0,1
532,Daniel,Jackson,31,0,0,100.0,1
533,Bradley,Robinson,31,0,0,100.0,1
534,Phyllis,Schneider,31,0,0,100.0,1
535,Thomas,Clark,31,0,0,100.0,1
536,Gregory,Gonzalez,31,0,0,100.0,1
537,Michelle,Roth,31,0,0,100.0,1
538,Christopher,Murphy,31,0,0,100.0,1
539,Mark,Davis,31,0,0,100.0,1
540,Lauren,Harrington,31,0,0,100.0,1
541,Michelle,Owens,31,0,0,100.0,1
542,Scott,Weaver,31,0,0,100.0,1
543,Monica,Williams,31,0,0,100.0,1
544,Kathryn,Hampton,31,0,0,100.0,1
545,Christina,Shields,31,0,0,100.0,1
546,Andrew,Thomas,31,0,0,100.0,1
547,Holly,Sexton,31,0,0,100.0,1
548,Christopher,Peterson,31,0,0,100.0,1
549,Eric,Murray,31,0,0,100.0,1
550,Kristina,Watson,31,0,0,100.0,1
551,Greg,Martin,31,0,0,100.0,1
552,Paul,Shaffer,31,0,0,100.0,1
553,Alexander,Daniel,31,0,0,100.0,1
554,Carla,Davis,31,0,0,100.0,1
555,Chelsea,Clark,31,0,0,100.0,1
556,Justin,Douglas,31,0,0,100.0,1
557,Charles,Reid,31,0,0,100.0,1
558,Courtney,Moreno,31,0,0,100.0,1
559,Justin,Mitchell,31,0,0,100.0,1
560,Bruce,Woods,31,0,0,100.0,1
561,Christopher,Hines,31,0,0,100.0,1
562,Theodore,Williams,31,0,0,100.0,1
563,Jennifer,Valdez,31,0,0,100.0,1
564,Alexandra,Day,31,0,0,100.0,1
565,John,Pacheco,31,0,0,100.0,1
566,Sherry,Brown,31,0,0,100.0,1
567,Douglas,Clark,31,0,0,100.0,1
568,Alex,Farmer,31,0,0,100.0,1
569,Brandon,Gonzales,31,0,0,100.0,1
570,Wayne,Trevino,31,0,0,100.0,1
571,Pamela,Horne,31,0,0,100.0,1
572,Michael,Schaefer,31,0,0,100.0,1
573,Carlos,Ramirez,31,0,0,100.0,1
574,Antonio,Lucero,31,0,0,100.0,1
575,Terry,Ashley,31,0,0,100.0,1
576,Rita,Cochran,31,0,0,100.0,1
577,Joseph,Gregory,31,0,0,100.0,1
578,Alexandra,Robinson,31,0,0,100.0,1
579,Tina,Sparks,31,0,0,100.0,1
580,Christopher,Buchanan,31,0,0,100.0,1
581,Christina,Guerrero,31,0,0,100.0,1
582,Jessica,Hutchinson,31,0,0,100.0,1
583,Tyler,Carrillo,31,0,0,100.0,1
584,Lindsay,Brady,31,0,0,100.0,1
585,Gary,Rivera,31,0,0,100.0,1
586,Luke,Moore,31,0,0,100.0,1
587,Tanya,Green,31,0,0,100.0,1
588,Bryan,Lee,31,0,0,100.0,1
589,Melanie,Bridges,31,0,0,100.0,1
590,Eric,Bowers,31,0,0,100.0,1
591,Meredith,Reed,31,0,0,100.0,1
592,David,Brown,31,0,0,100.0,1
593,William,Johns,31,0,0,100.0,1
594,Eric,Patton,31,0,0,100.0,1
595,Wendy,Warner,31,0,0,100.0,1
596,Timothy,Powell,31,0,0,100.0,1
597,Victoria,Thompson,31,0,0,100.0,1
598,Jeremy,Brown,31,0,0,100.0,1
599,Barbara,Schneider,31,0,0,100.0,1
600,Lindsay,Morales,31,0,0,100.0,1
601,Gary,Patel,31,0,0,100.0,1
602,Michelle,Ortiz,31,0,0,100.0,1
603,Susan,Lynch,31,0,0,100.0,1
604,Tammy,Hernandez,31,0,0,100.0,1
605,Jennifer,Guerra,31,0,0,100.0,1
606,Kelly,Schwartz,31,0,0,100.0,1
607,Brittany,Orozco,31,0,0,100.0,1
608,Samantha,Alvarado,31,0,0,100.0,1
609,Christopher,Anderson,31,0,0,100.0,1
610,William,Smith,31,0,0,100.0,1
611,Courtney,Patterson,31,0,0,100.0,1
612,Kevin,Hess,31,0,0,100.0,1
613,Melissa,Higgins,31,0,0,100.0,1
614,Elizabeth,Chavez,31,0,0,100.0,1
615,Mary,Taylor,31,0,0,100.0,1
616,Joshua,Parker,0,31,0,0.0,0
617,Joshua,Kelly,0,31,0,0.0,0
618,Travis,Ross,0,31,0,0.0,0
619,Kenneth,Buchanan,0,31,0,0.0,0
620,Ryan,Clarke,0,31,0,0.0,0
621,Gina,Solomon,31,0,0,100.0,1
622,David,Madden,31,0,0,100.0,1
623,William,Brennan,31,0,0,100.0,1
624,Judy,Mckenzie,30,1,0,96.77,1
625,Logan,Lindsey,31,0,0,100.0,1
626,Kyle,Williams,29,2,0,93.55,1
627,Mark,Padilla,29,2,0,93.55,1
628,Eugene,Clark,30,1,0,96.77,1
629,Sean,Wagner,29,2,0,93.55,1
630,Christine,Larson,29,2,0,93.55,1
631,Melinda,Freeman,29,2,0,93.55,1
632,Elizabeth,Smith,31,0,0,100.0,1
633,Walter,King,28,3,0,90.32,1
634,Lisa,Bean,31,0,0,100.0,1
635,Douglas,Hayes,31,0,0,100.0,1
636,Heather,Jefferson,29,2,0,93.55,1
637,Melinda,Byrd,31,0,0,100.0,1
638,Alexander,Burnett,31,0,0,100.0,1
639,Maria,Campos,31,0,0,100.0,1
640,Lindsey,Anthony,31,0,0,100.0,1
641,Darryl,Schultz,31,0,0,100.0,1
642,Bethany,French,31,0,0,100.0,1
643,Tyler,Scott,31,0,0,100.0,1
644,Patricia,Hall,31,0,0,100.0,1
645,Ryan,Williams,31,0,0,100.0,1
646,Levi,Mason,31,0,0,100.0,1
647,Michael,Vang,31,0,0,100.0,1
648,April,Humphrey,31,0,0,100.0,1
649,Steven,Hancock,28,3,0,90.32,1
650,Chelsea,Olson,28,3,0,90.32,1
651,Emily,Huang,28,3,0,90.32,1
652,Rachel,Jones,28,3,0,90.32,1
653,Philip,Walker,28,3,0,90.32,1
654,Laura,Rivera,28,3,0,90.32,1
655,Pamela,Henry,28,3,0,90.32,1
656,Nicole,Davidson,28,3,0,90.32,1
657,Jeffery,Parker,28,3,0,90.32,1
658,Christopher,Banks,28,3,0,90.32,1
659,Tara,Griffin,28,3,0,90.32,1
660,Lisa,Lloyd,30,1,0,96.77,1
661,Elizabeth,Maldonado,31,0,0,100.0,1
662,Samuel,Anderson,31,0,0,100.0,1
663,Xavier,Johnson,30,1,0,96.77,1
664,Lauren,Cordova,30,1,0,96.77,1
665,Amanda,Hawkins,31,0,0,100.0,1
666,Donald,Coleman,31,0,0,100.0,1
667,Phillip,Bennett,31,0,0,100.0,1
668,John,George,31,0,0,100.0,1
669,Katherine,Moore,31,0,0,100.0,1
670,Jose,Dominguez,29,2,0,93.55,1
671,Lauren,Morrow,31,0,0,100.0,1
672,Katie,Davenport,31,0,0,100.0,1
673,Michelle,Martinez,31,0,0,100.0,1
674,Jeremiah,Stanley,31,0,0,100.0,1
675,Isaac,Tucker,31,0,0,100.0,1
676,Hannah,Garcia,31,0,0,100.0,1
677,Thomas,Nelson,29,2,0,93.55,1
678,William,Kennedy,31,0,0,100.0,1
679,Jennifer,Williams,31,0,0,100.0,1
680,Jeffrey,Price,27,4,0,87.1,1
681,Zachary,Burns,31,0,0,100.0,1
682,Curtis,Duffy,31,0,0,100.0,1
683,Allison,Alvarado,31,0,0,100.0,1
684,Jeffery,Kelley,31,0,0,100.0,1
685,Kenneth,Clark,31,0,0,100.0,1
686,Hayley,Case,23,8,0,74.19,0
687,Vanessa,Martinez,31,0,0,100.0,1
688,Tara,Thomas,28,3,0,90.32,1
689,Aaron,Williamson,28,3,0,90.32,1
690,Phillip,Nelson,28,3,0,90.32,1
691,Michael,Hinton,28,3,0,90.32,1
692,Alex,Shelton,28,3,0,90.32,1
693,Ross,Esparza,28,3,0,90.32,1
694,Lisa,Murphy,28,3,0,90.32,1
695,Richard,Gibson,28,3,0,90.32,1
696,Jackson,Olson,28,3,0,90.32,1
697,Michael,Waters,28,3,0,90.32,1
698,Daniel,Mcneil,28,3,0,90.32,1
699,James,Mcgee,28,3,0,90.32,1
700,Dennis,Park,28,3,0,90.32,1
701,Gregory,Jones,28,3,0,90.32,1
702,Barbara,Petersen,28,3,0,90.32,1
703,Andrea,Baker,28,3,0,90.32,1
704,Robert,Holmes,28,3,0,90.32,1
705,Autumn,Jones,28,3,0,90.32,1
706,Richard,Davis,31,0,0,100.0,1
707,Anthony,Armstrong,31,0,0,100.0,1
708,Julian,Ortiz,31,0,0,100.0,1
709,Melinda,Sanchez,31,0,0,100.0,1
710,James,Carter,0,31,0,0.0,0
711,Alejandra,Johns,31,0,0,100.0,1
712,Susan,Long,31,0,0,100.0,1
713,Sharon,Allen,31,0,0,100.0,1
714,Leah,Brown,31,0,0,100.0,1
715,Maria,Barker,31,0,0,100.0,1
716,Kelly,Church,31,0,0,100.0,1
717,Michael,Walsh,31,0,0,100.0,1
718,Alyssa,Gallagher,31,0,0,100.0,1
719,Kelly,Morris,31,0,0,100.0,1
720,Ryan,Brown,31,0,0,100.0,1
721,Maria,Hall,31,0,0,100.0,1
722,Mark,Brown,13,18,0,41.94,0
723,William,Kerr,13,18,0,41.94,0
724,Jake,Gonzalez,13,18,0,41.94,0
725,Theresa,Gray,31,0,0,100.0,1
726,Ashley,Ayers,31,0,0,100.0,1
727,Ann,Mccann,31,0,0,100.0,1
728,Curtis,Bennett,31,0,0,100.0,1
729,Debra,Gutierrez,31,0,0,100.0,1
730,Linda,West,31,0,0,100.0,1
731,Justin,Hughes,31,0,0,100.0,1
732,Jose,Jackson,30,1,0,96.77,1
733,Larry,Smith,29,2,0,93.55,1
734,Austin,Dunn,31,0,0,100.0,1
735,Michael,Heath,31,0,0,100.0,1
736,Beth,Acosta,29,2,0,93.55,1
737,Tracie,Weeks,31,0,0,100.0,1
738,Brandi,Ray,29,2,0,93.55,1
739,Carla,Brandt,31,0,0,100.0,1
740,Thomas,Cruz,31,0,0,100.0,1
741,Nicholas,Martin,31,0,0,100.0,1
742,Breanna,Lee,31,0,0,100.0,1
743,Angie,White,31,0,0,100.0,1
744,William,Lester,3,28,0,9.68,0
745,Joshua,Miller,3,28,0,9.68,0
746,Thomas,Stone,3,28,0,9.68,0
747,Sarah,King,31,0,0,100.0,1
748,Jeffery,Carlson,30,1,0,96.77,1
749,Ashley,Gutierrez,30,1,0,96.77,1
750,Adam,Herring,31,0,0,100.0,1
751,David,Ramirez,28,3,0,90.32,1
752,Angela,Brown,31,0,0,100.0,1
753,Eric,Jones,30,1,0,96.77,1
754,Angel,Garner,31,0,0,100.0,1
755,Lisa,Cowan,29,2,0,93.55,1
756,Nicole,Perry,30,1,0,96.77,1
757,Annette,Wells,31,0,0,100.0,1
758,Ian,Scott,24,7,0,77.42,0
759,Kari,Hernandez,31,0,0,100.0,1
760,Mary,Haynes,31,0,0,100.0,1
761,Raymond,Smith,31,0,0,100.0,1
762,Christopher,Ayala,31,0,0,100.0,1
763,Jacqueline,Frazier,31,0,0,100.0,1
764,Jesse,Kelly,31,0,0,100.0,1
765,Teresa,Lee,31,0,0,100.0,1
766,Michael,Aguirre,31,0,0,100.0,1
767,April,Delgado,31,0,0,100.0,1
768,Troy,Prince,31,0,0,100.0,1
769,Martha,Summers,31,0,0,100.0,1
770,William,Dean,31,0,0,100.0,1
771,Cheryl,Gutierrez,31,0,0,100.0,1
772,Diane,Spears,31,0,0,100.0,1
773,Brian,David,31,0,0,100.0,1
774,Heather,Brooks,31,0,0,100.0,1
775,Pamela,Rodgers,31,0,0,100.0,1
776,Betty,Nash,31,0,0,100.0,1
777,Heather,Donaldson,31,0,0,100.0,1
778,Ebony,Shepherd,31,0,0,100.0,1
779,Sean,Thomas,31,0,0,100.0,1
780,Todd,Howard,31,0,0,100.0,1
781,Julia,Richmond,31,0,0,100.0,1
782,Mary,Mccormick,31,0,0,100.0,1
783,Jimmy,Warren,31,0,0,100.0,1
784,Henry,Spencer,31,0,0,100.0,1
785,Peter,Yates,31,0,0,100.0,1
786,Robert,Campbell,31,0,0,100.0,1
787,Matthew,Conway,31,0,0,100.0,1
788,Tyler,Calderon,31,0,0,100.0,1
789,Brittney,Moon,31,0,0,100.0,1
790,Tracy,White,31,0,0,100.0,1
791,Gregory,Welch,31,0,0,100.0,1
792,Caroline,Cooper,31,0,0,100.0,1
793,Kelly,Rivera,31,0,0,100.0,1
794,Stacey,Wilson,31,0,0,100.0,1
795,Craig,Graham,31,0,0,100.0,1
796,Earl,Santana,31,0,0,100.0,1
797,Lisa,Mitchell,31,0,0,100.0,1
798,Michael,Williams,31,0,0,100.0,1
799,Jerry,Jones,29,2,0,93.55,1
800,Matthew,Miles,31,0,0,100.0,1
801,Mary,Cox,31,0,0,100.0,1
802,Jessica,Young,31,0,0,100.0,1
803,Tiffany,Small,26,5,0,83.87,0
804,Mary,Wyatt,31,0,0,100.0,1
805,Maria,Mercer,27,4,0,87.1,1
806,Erin,Moore,31,0,0,100.0,1
807,Kendra,Dalton,31,0,0,100.0,1
808,Anthony,Gomez,28,3,0,90.32,1
809,Molly,Jackson,31,0,0,100.0,1
810,Brianna,Gutierrez,29,2,0,93.55,1
811,John,Henderson,29,2,0,93.55,1
812,Steven,Martin,31,0,0,100.0,1
813,Tina,Bowers,29,2,0,93.55,1
814,Luis,Jones,28,3,0,90.32,1
815,Jeffrey,Thomas,29,2,0,93.55,1
816,Jeffrey,Cox,31,0,0,100.0,1
817,Jennifer,Bautista,29,2,0,93.55,1
818,Judy,Pugh,28,3,0,90.32,1
819,Henry,Craig,29,2,0,93.55,1
820,Steven,Alvarez,31,0,0,100.0,1
821,Rebecca,Mckay,28,3,0,90.32,1
822,James,Reynolds,28,3,0,90.32,1
823,Heather,Bentley,30,1,0,96.77,1
824,Alexis,Hall,28,3,0,90.32,1
825,Ryan,Soto,31,0,0,100.0,1
826,Brent,Clements,31,0,0,100.0,1
827,Thomas,Hernandez,28,3,0,90.32,1
828,Kevin,Mack,31,0,0,100.0,1
829,Patrick,Kirk,31,0,0,100.0,1
830,Christopher,Jenkins,28,3,0,90.32,1
831,Cassandra,Hodges,31,0,0,100.0,1
832,Christian,Powers,29,2,0,93.55,1
833,Brittany,Collier,31,0,0,100.0,1
834,James,Bridges,31,0,0,100.0,1
835,Alexander,Fowler,28,3,0,90.32,1
836,Andrew,Wong,31,0,0,100.0,1
837,Bobby,Valdez,27,4,0,87.1,1
838,Mary,Bird,31,0,0,100.0,1
839,Andrew,Rodriguez,29,2,0,93.55,1
840,Melanie,Carter,31,0,0,100.0,1
841,Randy,Lopez,31,0,0,100.0,1
842,David,Cole,31,0,0,100.0,1
843,Jennifer,Baxter,29,2,0,93.55,1
844,Shannon,Graham,31,0,0,100.0,1
845,Stephanie,Bush,30,1,0,96.77,1
846,Keith,Tanner,29,2,0,93.55,1
847,Robert,Anderson,31,0,0,100.0,1
848,Matthew,Cantu,31,0,0,100.0,1
849,Heather,Johnson,29,2,0,93.55,1
850,Lee,Taylor,29,2,0,93.55,1
851,Jessica,Williams,31,0,0,100.0,1
852,Holly,Sanchez,31,0,0,100.0,1
853,James,Ray,29,2,0,93.55,1
854,William,Hernandez,29,2,0,93.55,1
855,Lisa,Brown,29,2,0,93.55,1
856,Kevin,York,29,2,0,93.55,1
857,Benjamin,Davis,29,2,0,93.55,1
858,Sarah,Nielsen,29,2,0,93.55,1
859,Elizabeth,Parks,29,2,0,93.55,1
860,Deborah,Moore,29,2,0,93.55,1
861,Michael,Anderson,0,31,0,0.0,0
862,Brian,Adams,0,31,0,0.0,0
863,Anthony,Silva,0,31,0,0.0,0
864,Melinda,Velazquez,31,0,0,100.0,1
865,Andre,Hoffman,31,0,0,100.0,1
866,Vanessa,Coleman,31,0,0,100.0,1
867,Stephanie,Hernandez,31,0,0,100.0,1
868,Timothy,David,31,0,0,100.0,1
869,Carol,Cortez,31,0,0,100.0,1
870,Justin,Kelly,18,13,0,58.06,0
871,George,King,18,13,0,58.06,0
872,Ashley,Craig,31,0,0,100.0,1
873,Patricia,Sullivan,31,0,0,100.0,1
874,David,Jones,18,13,0,58.06,0
875,Cody,Smith,18,13,0,58.06,0
876,Joseph,Jackson,18,13,0,58.06,0
877,Adam,Edwards,18,13,0,58.06,0
878,Brian,Morales,18,13,0,58.06,0
879,Melissa,Fry,31,0,0,100.0,1
880,Lori,Jacobson,31,0,0,100.0,1
881,Jessica,Shannon,31,0,0,100.0,1
882,Sharon,Ramirez,31,0,0,100.0,1
883,Nicole,Rice,31,0,0,100.0,1
884,Alison,Webster,31,0,0,100.0,1
885,Alexander,Mitchell,31,0,0,100.0,1
886,Bryan,Grimes,30,1,0,96.77,1
887,Nicole,Mcdonald,31,0,0,100.0,1
888,Christopher,Ramirez,20,11,0,64.52,0
889,Lawrence,Fields,30,1,0,96.77,1
890,Rebecca,Molina,31,0,0,100.0,1
891,John,Castillo,31,0,0,100.0,1
892,Sandra,Davis,31,0,0,100.0,1
893,Andrew,Smith,31,0,0,100.0,1
894,Elizabeth,Smith,31,0,0,100.0,1
895,Scott,Schultz,31,0,0,100.0,1
896,Joseph,Harper,31,0,0,100.0,1
897,Ryan,Salazar,31,0,0,100.0,1
898,Brenda,Davis,31,0,0,100.0,1
899,Chad,Taylor,30,1,0,96.77,1
900,Natasha,Edwards,31,0,0,100.0,1
901,Pamela,Edwards,31,0,0,100.0,1
902,Cynthia,Richardson,31,0,0,100.0,1
903,Robert,Johnson,30,1,0,96.77,1
904,Kevin,Ryan,30,1,0,96.77,1
905,Eileen,Nicholson,31,0,0,100.0,1
906,Robert,Torres,31,0,0,100.0,1
907,Alicia,Beltran,31,0,0,100.0,1
908,Jessica,Wong,31,0,0,100.0,1
909,Ruben,Meyer,31,0,0,100.0,1
910,Megan,Alexander,31,0,0,100.0,1
911,Jennifer,Gonzalez,31,0,0,100.0,1
912,Carl,Ferguson,31,0,0,100.0,1
913,Valerie,Romero,31,0,0,100.0,1
914,Laura,Romero,29,2,0,93.55,1
915,Heidi,Adams,29,2,0,93.55,1
916,Regina,Spencer,31,0,0,100.0,1
917,Lee,Campbell,31,0,0,100.0,1
918,Noah,Mcdaniel,31,0,0,100.0,1
919,Dorothy,Mitchell,31,0,0,100.0,1
920,Michael,Mccarthy,29,2,0,93.55,1
921,Matthew,Jones,31,0,0,100.0,1
922,John,Riley,30,1,0,96.77,1
923,Shelly,Dominguez,31,0,0,100.0,1
924,Ann,Evans,31,0,0,100.0,1
925,David,Perez,31,0,0,100.0,1
926,Nicole,Bell,29,2,0,93.55,1
927,Amanda,Garcia,25,6,0,80.65,0
928,Charles,Owens,25,6,0,80.65,0
929,Teresa,Henry,25,6,0,80.65,0
930,Luis,Frank,25,6,0,80.65,0
931,Timothy,Booth,25,6,0,80.65,0
932,Michael,Moon,25,6,0,80.65,0
933,Rachel,Hall,25,6,0,80.65,0
934,Thomas,Nguyen,25,6,0,80.65,0
935,Tiffany,Fields,25,6,0,80.65,0
936,Jessica,Marshall,30,1,0,96.77,1
937,Maurice,Nguyen,31,0,0,100.0,1
938,William,Kelly,29,2,0,93.55,1
939,Harry,Hunter,31,0,0,100.0,1
940,Gary,Gentry,30,1,0,96.77,1
941,Maria,Malone,31,0,0,100.0,1
942,Jason,Vazquez,29,2,0,93.55,1
943,Patrick,West,31,0,0,100.0,1
944,Alexandra,Brown,31,0,0,100.0,1
945,Jennifer,Torres,28,3,0,90.32,1
946,Daniel,Smith,29,2,0,93.55,1
947,Catherine,Boyle,29,2,0,93.55,1
948,Amanda,Bush,31,0,0,100.0,1
949,Emma,Copeland,29,2,0,93.55,1
950,Bradley,Avery,31,0,0,100.0,1
951,Danielle,Martinez,28,3,0,90.32,1
952,Anna,Wolf,30,1,0,96.77,1
953,Megan,Whitaker,28,3,0,90.32,1
954,Melissa,Richard,31,0,0,100.0,1
955,Richard,Small,29,2,0,93.55,1
956,Victor,Phillips,31,0,0,100.0,1
957,Madison,Callahan,29,2,0,93.55,1
958,Connor,Olson,30,1,0,96.77,1
959,Hunter,Allen,31,0,0,100.0,1
960,Shannon,Johnson,30,1,0,96.77,1
961,Samantha,Alexander,30,1,0,96.77,1
962,Justin,Lester,28,3,0,90.32,1
963,Hunter,Miller,31,0,0,100.0,1
964,Shelia,Rogers,28,3,0,90.32,1
965,Laura,Walker,31,0,0,100.0,1
966,Ashley,Green,30,1,0,96.77,1
967,Beth,Bonilla,29,2,0,93.55,1
968,Ray,Padilla,31,0,0,100.0,1
969,Jennifer,Cummings,30,1,0,96.77,1
970,Daniel,Peterson,31,0,0,100.0,1
971,Andrew,Miller,29,2,0,93.55,1
972,Scott,Jacobson,29,2,0,93.55,1
973,Jennifer,Baker,30,1,0,96.77,1
974,Suzanne,Morrow,31,0,0,100.0,1
975,Melissa,Gonzales,29,2,0,93.55,1
976,Erik,Miller,31,0,0,100.0,1
977,Pamela,Flores,31,0,0,100.0,1
978,Amanda,Hernandez,29,2,0,93.55,1
979,Gregory,Schaefer,29,2,0,93.55,1
980,Annette,Logan,31,0,0,100.0,1
981,Tamara,Long,31,0,0,100.0,1
982,John,Baker,31,0,0,100.0,1
983,Justin,Lynch,31,0,0,100.0,1
984,Daniel,Knight,29,2,0,93.55,1
985,Angelica,Jones,30,1,0,96.77,1
986,Lance,Nelson,30,1,0,96.77,1
987,Katherine,Jacobson,30,1,0,96.77,1
988,Corey,Taylor,30,1,0,96.77,1
989,Laura,Russell,30,1,0,96.77,1
990,Arthur,Harris,30,1,0,96.77,1
991,Victoria,Garcia,30,1,0,96.77,1
992,David,Gonzales,30,1,0,96.77,1
993,Charles,Thomas,30,1,0,96.77,1
994,Oscar,Gonzalez,30,1,0,96.77,1
995,Sarah,Miller,30,1,0,96.77,1
996,Eric,Davis,30,1,0,96.77,1
997,Patrick,Martin,30,1,0,96.77,1
998,Susan,Schmidt,30,1,0,96.77,1
999,Brett,Bell,30,1,0,96.77,1
1000,Dennis,Summers,30,1,0,96.77,1
1001,Brandon,Smith,30,1,0,96.77,1
1002,Nicole,Williams,30,1,0,96.77,1
1003,Rachel,Frye,30,1,0,96.77,1
1004,Tyler,Cabrera,30,1,0,96.77,1
1005,Maureen,Jones,30,1,0,96.77,1
1006,Pamela,Green,30,1,0,96.77,1
1007,Jeffery,Mcdonald,30,1,0,96.77,1
1008,Austin,Matthews,31,0,0,100.0,1
1009,Jacqueline,Allen,31,0,0,100.0,1
1010,Joanna,Dominguez,31,0,0,100.0,1
1011,Brian,Griffin,31,0,0,100.0,1
1012,Dean,Lee,31,0,0,100.0,1
1013,Denise,Rodriguez,31,0,0,100.0,1
1014,Brendan,Rivera,31,0,0,100.0,1
1015,Jackson,Smith,31,0,0,100.0,1
1016,Craig,Weber,31,0,0,100.0,1
1017,Joseph,Carpenter,31,0,0,100.0,1
1018,Sarah,Tucker,31,0,0,100.0,1
1019,Steven,Hernandez,31,0,0,100.0,1
1020,Robert,Foley,24,7,0,77.42,0
1021,Michael,Carr,24,7,0,77.42,0
1022,Walter,Herrera,24,7,0,77.42,0
1023,Sarah,Mckinney,24,7,0,77.42,0
1024,Jacob,Nguyen,24,7,0,77.42,0
1025,Mary,Garza,24,7,0,77.42,0
1026,Jesse,Hawkins,24,7,0,77.42,0
1027,Jordan,Boyd,24,7,0,77.42,0
1028,Latoya,Mullins,24,7,0,77.42,0
1029,Jill,Armstrong,24,7,0,77.42,0
1030,Aaron,Peterson,24,7,0,77.42,0
1031,April,Greene,24,7,0,77.42,0
1032,Theodore,Gomez,24,7,0,77.42,0
1033,John,Gardner,24,7,0,77.42,0
1034,Joseph,Petersen,24,7,0,77.42,0
1035,Matthew,Potter,24,7,0,77.42,0
1036,Linda,Munoz,24,7,0,77.42,0
1037,Samantha,Stewart,24,7,0,77.42,0
1038,Michael,Reyes,24,7,0,77.42,0
1039,Sarah,Murphy,24,7,0,77.42,0
1040,Derrick,Melton,24,7,0,77.42,0
1041,Donna,Horne,24,7,0,77.42,0
1042,Natasha,Butler,24,7,0,77.42,0
1043,David,Vasquez,24,7,0,77.42,0
1044,Christopher,Lester,24,7,0,77.42,0
1045,Martin,Franco,24,7,0,77.42,0
1046,Katherine,Donaldson,24,7,0,77.42,0
1047,Harold,Daniels,24,7,0,77.42,0
1048,Michael,Anderson,24,7,0,77.42,0
1049,Nichole,Harrington,24,7,0,77.42,0
1050,Wendy,Clark,24,7,0,77.42,0
1051,Chelsea,Taylor,24,7,0,77.42,0
1052,Jeffrey,Knight,24,7,0,77.42,0
1053,Katelyn,Watkins,24,7,0,77.42,0
1054,Anne,Johnston,24,7,0,77.42,0
1055,Rebecca,Carpenter,24,7,0,77.42,0
1056,Ashley,Baker,24,7,0,77.42,0
1057,Lacey,Norris,24,7,0,77.42,0
1058,Angela,Moore,24,7,0,77.42,0
1059,Maria,Obrien,24,7,0,77.42,0
1060,Rebecca,Larsen,24,7,0,77.42,0
1061,Amanda,Rodriguez,24,7,0,77.42,0
1062,Patrick,Clark,24,7,0,77.42,0
1063,Janet,Morrison,24,7,0,77.42,0
1064,James,Acosta,24,7,0,77.42,0
1065,Richard,Burke,24,7,0,77.42,0
1066,Donald,Contreras,24,7,0,77.42,0
1067,Kenneth,Mendez,24,7,0,77.42,0
1068,Kenneth,Sparks,24,7,0,77.42,0
1069,Natasha,Morales,24,7,0,77.42,0
1070,David,Mendoza,24,7,0,77.42,0
1071,Melissa,Wright,24,7,0,77.42,0
1072,Cindy,Hamilton,24,7,0,77.42,0
1073,Nancy,Walker,24,7,0,77.42,0
1074,Matthew,Peterson,24,7,0,77.42,0
1075,Grant,Mason,24,7,0,77.42,0
1076,David,Mays,24,7,0,77.42,0
1077,Sheryl,Parker,24,7,0,77.42,0
1078,Ross,Sanchez,24,7,0,77.42,0
1079,Robert,Barnett,24,7,0,77.42,0
1080,Dean,Sims,24,7,0,77.42,0
1081,Jaime,Morrison,24,7,0,77.42,0
1082,Regina,Hernandez,24,7,0,77.42,0
1083,Margaret,Smith,24,7,0,77.42,0
1084,Kyle,Garcia,31,0,0,100.0,1
1085,Trevor,Stark,31,0,0,100.0,1
1086,Nathaniel,Adams,31,0,0,100.0,1
1087,Gabriela,Martinez,31,0,0,100.0,1
1088,Debra,Walter,31,0,0,100.0,1
1089,Kimberly,Herrera,31,0,0,100.0,1
1090,William,Fleming,29,2,0,93.55,1
1091,Brandon,Foster,31,0,0,100.0,1
1092,John,Wilson,29,2,0,93.55,1
1093,George,Kerr,31,0,0,100.0,1
1094,Kenneth,Gilbert,31,0,0,100.0,1
1095,Jodi,Price,29,2,0,93.55,1
1096,Jordan,Sheppard,31,0,0,100.0,1
1097,Tristan,Martinez,29,2,0,93.55,1
1098,Sharon,Chandler,31,0,0,100.0,1
1099,Steven,Allen,31,0,0,100.0,1
1100,Douglas,Robertson,29,2,0,93.55,1
1101,Sabrina,Zavala,31,0,0,100.0,1
1102,Corey,Merritt,31,0,0,100.0,1
1103,Jennifer,Salas,31,0,0,100.0,1
1104,John,Klein,29,2,0,93.55,1
1105,Rachel,Grant,31,0,0,100.0,1
1106,Jose,Wood,31,0,0,100.0,1
1107,Michelle,Mcdonald,31,0,0,100.0,1
1108,Thomas,George,31,0,0,100.0,1
1109,Charles,Torres,31,0,0,100.0,1
1110,Jonathan,Finley,29,2,0,93.55,1
1111,Diana,Long,31,0,0,100.0,1
1112,Jonathan,Johnson,26,5,0,83.87,0
1113,Nicole,Robinson,31,0,0,100.0,1
1114,Rebecca,Mckinney,31,0,0,100.0,1
1115,Daniel,Guerrero,31,0,0,100.0,1
1116,Jillian,Dominguez,31,0,0,100.0,1
1117,Samantha,Phillips,31,0,0,100.0,1
1118,Dylan,Rogers,31,0,0,100.0,1
1119,Brittany,Spencer,31,0,0,100.0,1
1120,Melissa,Terry,31,0,0,100.0,1
1121,Robin,Perez,31,0,0,100.0,1
1122,Veronica,Hopkins,31,0,0,100.0,1
1123,Daniel,Lewis,31,0,0,100.0,1
1124,Mallory,Collins,31,0,0,100.0,1
1125,Stephen,Sosa,17,14,0,54.84,0
1126,Andrew,Hunter,17,14,0,54.84,0
1127,David,Hartman,17,14,0,54.84,0
1128,Paul,Taylor,17,14,0,54.84,0
1129,Brittany,Simmons,31,0,0,100.0,1
1130,Emma,Jones,31,0,0,100.0,1
1131,Matthew,Aguilar,16,15,0,51.61,0
1132,Brett,Myers,16,15,0,51.61,0
1133,Lisa,Alexander,31,0,0,100.0,1
1134,Stephanie,Allen,31,0,0,100.0,1
1135,Rebecca,Clark,31,0,0,100.0,1
1136,Andrew,Sanders,31,0,0,100.0,1
1137,Julia,Day,31,0,0,100.0,1
1138,Amber,Levy,31,0,0,100.0,1
1139,Nicole,Daniel,31,0,0,100.0,1
1140,Sarah,Wells,31,0,0,100.0,1
1141,Laura,Stone,31,0,0,100.0,1
1142,Katherine,Glenn,31,0,0,100.0,1
1143,Catherine,Mccall,31,0,0,100.0,1
1144,Tammy,Andrews,31,0,0,100.0,1
1145,Kathryn,Powell,31,0,0,100.0,1
1146,Michael,Lutz,28,3,0,90.32,1
1147,Brian,Myers,27,4,0,87.1,1
1148,Maria,Adams,31,0,0,100.0,1
1149,Ronnie,Nguyen,23,8,0,74.19,0
1150,Daniel,Stephens,23,8,0,74.19,0
1151,Brandon,Oliver,23,8,0,74.19,0
1152,David,Vazquez,23,8,0,74.19,0
1153,Desiree,Moore,31,0,0,100.0,1
1154,Jessica,Turner,31,0,0,100.0,1
1155,Scott,Bishop,31,0,0,100.0,1
1156,Cassandra,Flores,31,0,0,100.0,1
1157,Miguel,Hernandez,31,0,0,100.0,1
1158,Brittany,Welch,31,0,0,100.0,1
1159,Robert,Ross,31,0,0,100.0,1
1160,Jennifer,White,31,0,0,100.0,1
1161,Rebecca,Smith,31,0,0,100.0,1
1162,Jessica,Ferrell,31,0,0,100.0,1
1163,Jeremy,Montgomery,31,0,0,100.0,1
1164,Angel,Gilbert,31,0,0,100.0,1
1165,Rebecca,Roman,31,0,0,100.0,1
1166,Frank,Lopez,1,30,0,3.23,0
1167,Thomas,Hernandez,1,30,0,3.23,0
1168,Crystal,Miller,31,0,0,100.0,1
1169,Nicholas,Wallace,21,10,0,67.74,0
1170,Arthur,Brown,21,10,0,67.74,0
1171,Corey,Monroe,21,10,0,67.74,0
1172,Angel,Green,31,0,0,100.0,1
1173,Tina,Anderson,31,0,0,100.0,1
1174,Rebecca,Khan,31,0,0,100.0,1
1175,Terry,Dean,23,8,0,74.19,0
1176,Tyler,Martin,23,8,0,74.19,0
1177,Derrick,Hartman,23,8,0,74.19,0
1178,Mark,Stevens,23,8,0,74.19,0
1179,Scott,Tate,23,8,0,74.19,0
1180,Melissa,Deleon,31,0,0,100.0,1
1181,Nicole,Newman,31,0,0,100.0,1
1182,Brent,Burton,31,0,0,100.0,1
1183,Victor,Bright,31,0,0,100.0,1
1184,Kenneth,Turner,31,0,0,100.0,1
1185,Lisa,Bailey,29,2,0,93.55,1
1186,Nancy,Fowler,31,0,0,100.0,1
1187,Gabriel,Wilson,29,2,0,93.55,1
1188,Andrea,Barrett,31,0,0,100.0,1
1189,Jessica,Williams,31,0,0,100.0,1
1190,Hector,Cox,29,2,0,93.55,1
1191,Michelle,Mendoza,31,0,0,100.0,1
1192,Adam,Wallace,31,0,0,100.0,1
1193,Kelly,Harris,29,2,0,93.55,1
1194,Anthony,Clark,31,0,0,100.0,1
1195,Randall,Wyatt,29,2,0,93.55,1
1196,Ryan,Sutton,31,0,0,100.0,1
1197,Rick,Garcia,29,2,0,93.55,1
1198,Frank,Schmitt,31,0,0,100.0,1
1199,Alan,Mcgrath,31,0,0,100.0,1
1200,Lauren,Gomez,31,0,0,100.0,1
1201,Katherine,Taylor,31,0,0,100.0,1
1202,Ashley,York,31,0,0,100.0,1
1203,Charles,Rangel,31,0,0,100.0,1
1204,Brooke,Burnett,31,0,0,100.0,1
1205,Ronald,Lane,31,0,0,100.0,1
1206,Emma,Andrews,31,0,0,100.0,1
1207,Nancy,Esparza,31,0,0,100.0,1
1208,Sean,Erickson,31,0,0,100.0,1
1209,Heather,Davis,31,0,0,100.0,1
1210,Kimberly,Bailey,31,0,0,100.0,1
1211,Tracy,Garcia,31,0,0,100.0,1
1212,Brenda,Rhodes,29,2,0,93.55,1
1213,Sarah,Brooks,30,1,0,96.77,1
1214,Jennifer,Beck,30,1,0,96.77,1
1215,Allison,Bond,30,1,0,96.77,1
1216,Jessica,Smith,30,1,0,96.77,1
1217,Carol,Nguyen,30,1,0,96.77,1
1218,George,Francis,30,1,0,96.77,1
1219,Michelle,Dixon,30,1,0,96.77,1
1220,Linda,George,30,1,0,96.77,1
1221,Larry,Bruce,30,1,0,96.77,1
1222,Charles,Myers,30,1,0,96.77,1
1223,Matthew,Boyd,30,1,0,96.77,1
1224,Ronald,Brewer,30,1,0,96.77,1
1225,Kimberly,Mcgee,30,1,0,96.77,1
1226,Jill,Anderson,30,1,0,96.77,1
1227,David,Coffey,30,1,0,96.77,1
1228,Brittany,Henderson,30,1,0,96.77,1
1229,Holly,Richardson,30,1,0,96.77,1
1230,Justin,Brooks,30,1,0,96.77,1
1231,Joan,Frederick,30,1,0,96.77,1
1232,Loretta,Webb,30,1,0,96.77,1
1233,Toni,Zimmerman,30,1,0,96.77,1
1234,Jaime,Houston,30,1,0,96.77,1
1235,Jacqueline,Goodman,30,1,0,96.77,1
1236,Brian,Crawford,30,1,0,96.77,1
1237,John,Reynolds,30,1,0,96.77,1
1238,Heather,Marsh,30,1,0,96.77,1
1239,Dawn,Flores,30,1,0,96.77,1
1240,Christie,Lane,30,1,0,96.77,1
1241,Traci,Johnson,30,1,0,96.77,1
1242,Robert,Hartman,30,1,0,96.77,1
1243,Christopher,Porter,30,1,0,96.77,1
1244,Phillip,Lynch,30,1,0,96.77,1
1245,Matthew,Green,30,1,0,96.77,1
1246,Jesse,Johnson,30,1,0,96.77,1
1247,Donna,Andrews,30,1,0,96.77,1
1248,Timothy,Hall,30,1,0,96.77,1
1249,Amy,Hicks,30,1,0,96.77,1
1250,Susan,Wall,30,1,0,96.77,1
1251,David,Fields,30,1,0,96.77,1
1252,Terri,Lyons,30,1,0,96.77,1
1253,Eric,Jones,30,1,0,96.77,1
1254,Betty,Nguyen,30,1,0,96.77,1
1255,Albert,Anderson,30,1,0,96.77,1
1256,Katrina,Montgomery,30,1,0,96.77,1
1257,Samantha,Cole,30,1,0,96.77,1
1258,Kathleen,Potts,30,1,0,96.77,1
1259,Melissa,Edwards,30,1,0,96.77,1
1260,Mark,Delgado,30,1,0,96.77,1
1261,Derek,Bates,30,1,0,96.77,1
1262,Ryan,Ruiz,30,1,0,96.77,1
1263,Charles,Gill,30,1,0,96.77,1
1264,Amanda,Edwards,30,1,0,96.77,1
1265,Emily,Waters,30,1,0,96.77,1
1266,John,Stevenson,30,1,0,96.77,1
1267,Kevin,Hoffman,30,1,0,96.77,1
1268,Joseph,Mcconnell,30,1,0,96.77,1
1269,Jessica,Smith,30,1,0,96.77,1
1270,Shannon,Martinez,30,1,0,96.77,1
1271,Kenneth,Baker,30,1,0,96.77,1
1272,Margaret,Sanchez,30,1,0,96.77,1
1273,Ryan,Hensley,30,1,0,96.77,1
1274,Sharon,Stephenson,30,1,0,96.77,1
1275,Shawn,Cameron,30,1,0,96.77,1
1276,Stephanie,Kennedy,30,1,0,96.77,1
1277,Hayley,Abbott,30,1,0,96.77,1
1278,Rachel,Jacobs,30,1,0,96.77,1
1279,Danielle,Tran,30,1,0,96.77,1
1280,Autumn,Barrett,30,1,0,96.77,1
1281,Jennifer,Landry,30,1,0,96.77,1
1282,Sean,Rodriguez,30,1,0,96.77,1
1283,Ryan,Long,30,1,0,96.77,1
1284,Robert,Hancock,30,1,0,96.77,1
1285,Stephanie,Rodriguez,30,1,0,96.77,1
1286,Kristen,Evans,30,1,0,96.77,1
1287,Jaime,White,30,1,0,96.77,1
1288,Marcus,Howard,30,1,0,96.77,1
1289,Lucas,Jenkins,30,1,0,96.77,1
1290,Aaron,Ortiz,30,1,0,96.77,1
1291,Todd,Stephens,30,1,0,96.77,1
1292,Denise,Blackburn,30,1,0,96.77,1
1293,Susan,Perez,30,1,0,96.77,1
1294,Tyler,Green,30,1,0,96.77,1
1295,Rebecca,Daniel,30,1,0,96.77,1
1296,Alexandria,Harris,30,1,0,96.77,1
1297,Danny,Taylor,30,1,0,96.77,1
1298,Amanda,Evans,30,1,0,96.77,1
1299,Scott,Owens,30,1,0,96.77,1
1300,Jesus,Jones,30,1,0,96.77,1
1301,April,Spence,30,1,0,96.77,1
1302,Christopher,Lopez,30,1,0,96.77,1
1303,Mario,Hopkins,30,1,0,96.77,1
1304,Cody,Burke,30,1,0,96.77,1
1305,Candace,White,30,1,0,96.77,1
1306,Robert,Brown,30,1,0,96.77,1
1307,Erica,Woodward,30,1,0,96.77,1
1308,Elizabeth,Smith,30,1,0,96.77,1
1309,Jennifer,Martin,30,1,0,96.77,1
1310,David,Smith,30,1,0,96.77,1
1311,Lori,Johnson,30,1,0,96.77,1
1312,Martin,Garcia,30,1,0,96.77,1
1313,Stacy,Collins,30,1,0,96.77,1
1314,Timothy,Bailey,30,1,0,96.77,1
1315,Susan,Gonzalez,30,1,0,96.77,1
1316,Nicole,Harris,30,1,0,96.77,1
1317,Courtney,Moran,30,1,0,96.77,1
1318,Gregory,Barton,30,1,0,96.77,1
1319,Dakota,Clark,30,1,0,96.77,1
1320,Robin,Leonard,30,1,0,96.77,1
1321,Edward,Smith,30,1,0,96.77,1
1322,Julie,Little,30,1,0,96.77,1
1323,Maureen,Norman,30,1,0,96.77,1
1324,Jeffrey,Andrews,30,1,0,96.77,1
1325,Christina,Martinez,30,1,0,96.77,1
1326,Samuel,Becker,30,1,0,96.77,1
1327,Carlos,Flynn,30,1,0,96.77,1
1328,Roberto,Martin,30,1,0,96.77,1
1329,Jennifer,Johnson,30,1,0,96.77,1
1330,Anthony,Shah,30,1,0,96.77,1
1331,Aimee,Cook,30,1,0,96.77,1
1332,Angela,Collins,30,1,0,96.77,1
1333,John,Jensen,30,1,0,96.77,1
1334,Julie,Gomez,30,1,0,96.77,1
1335,Bryan,Mitchell,30,1,0,96.77,1
1336,Katie,Clark,30,1,0,96.77,1
1337,Kathleen,Simpson,30,1,0,96.77,1
1338,Carolyn,Reyes,30,1,0,96.77,1
1339,Derrick,Ortiz,30,1,0,96.77,1
1340,Calvin,Huynh,30,1,0,96.77,1
1341,Margaret,Wells,30,1,0,96.77,1
1342,Heather,Fitzpatrick,30,1,0,96.77,1
1343,Kimberly,Wood,30,1,0,96.77,1
1344,Gina,Kennedy,30,1,0,96.77,1
1345,Jeremy,Ward,30,1,0,96.77,1
1346,Patricia,Rhodes,30,1,0,96.77,1
1347,Connie,Colon,30,1,0,96.77,1
1348,Pamela,Moyer,30,1,0,96.77,1
1349,Rachel,Williams,30,1,0,96.77,1
1350,Sean,Malone,30,1,0,96.77,1
1351,Natalie,Fitzgerald,30,1,0,96.77,1
1352,Kevin,Diaz,30,1,0,96.77,1
1353,Beth,Jones,30,1,0,96.77,1
1354,Kathryn,Bates,30,1,0,96.77,1
1355,Aaron,Mcdaniel,30,1,0,96.77,1
1356,Angela,King,30,1,0,96.77,1
1357,Lauren,Arias,30,1,0,96.77,1
1358,Alyssa,Miller,30,1,0,96.77,1
1359,Lisa,Best,30,1,0,96.77,1
1360,Nicole,Garcia,30,1,0,96.77,1
1361,William,Lee,30,1,0,96.77,1
1362,Christopher,Bowen,30,1,0,96.77,1
1363,David,Bradford,30,1,0,96.77,1
1364,Stephanie,Jordan,30,1,0,96.77,1
1365,Joseph,Blake,30,1,0,96.77,1
1366,Christina,Velasquez,30,1,0,96.77,1
1367,Thomas,Calderon,30,1,0,96.77,1
1368,Jorge,Lee,30,1,0,96.77,1
1369,Jasmin,Phillips,30,1,0,96.77,1
1370,Vincent,Wilson,30,1,0,96.77,1
1371,Richard,Ryan,30,1,0,96.77,1
1372,Jesse,Garcia,30,1,0,96.77,1
1373,James,Tate,30,1,0,96.77,1
1374,Charles,May,30,1,0,96.77,1
1375,Jeremiah,Lee,30,1,0,96.77,1
1376,Debra,Reynolds,30,1,0,96.77,1
1377,Eric,Doyle,30,1,0,96.77,1
1378,John,Perez,30,1,0,96.77,1
1379,Hector,Garcia,30,1,0,96.77,1
1380,Andres,Rodriguez,30,1,0,96.77,1
1381,Shelley,Murphy,30,1,0,96.77,1
1382,Robin,Carr,30,1,0,96.77,1
1383,Julie,Lambert,30,1,0,96.77,1
1384,Cynthia,Rodriguez,30,1,0,96.77,1
1385,Thomas,Ball,30,1,0,96.77,1
1386,Patricia,Pope,30,1,0,96.77,1
1387,Bryan,Pacheco,30,1,0,96.77,1
1388,Steven,Richardson,30,1,0,96.77,1
1389,Deborah,Hood,30,1,0,96.77,1
1390,Laura,Campbell,30,1,0,96.77,1
1391,Bradley,Patel,30,1,0,96.77,1
1392,Angela,Moran,30,1,0,96.77,1
1393,Samuel,Lee,30,1,0,96.77,1
1394,Catherine,Miles,30,1,0,96.77,1
1395,Joseph,Erickson,30,1,0,96.77,1
1396,Bradley,Cook,30,1,0,96.77,1
1397,Tony,Montgomery,30,1,0,96.77,1
1398,Drew,Williams,30,1,0,96.77,1
1399,Gwendolyn,Martinez,30,1,0,96.77,1
1400,Nathan,Calhoun,30,1,0,96.77,1
1401,Krista,Myers,30,1,0,96.77,1
1402,Jeremy,Bailey,30,1,0,96.77,1
1403,Nicholas,Lester,30,1,0,96.77,1
1404,Jennifer,Ford,30,1,0,96.77,1
1405,Connor,Mitchell,30,1,0,96.77,1
1406,Christine,Nelson,30,1,0,96.77,1
1407,Rebecca,Spencer,30,1,0,96.77,1
1408,Kyle,Rojas,30,1,0,96.77,1
1409,Stacy,Sanders,30,1,0,96.77,1
1410,Taylor,Waters,30,1,0,96.77,1
1411,Julie,Nichols,30,1,0,96.77,1
1412,John,Lin,30,1,0,96.77,1
1413,William,Ryan,30,1,0,96.77,1
1414,Joseph,Phillips,30,1,0,96.77,1
1415,Christina,Ramirez,30,1,0,96.77,1
1416,Laura,Baxter,30,1,0,96.77,1
1417,Kevin,Jackson,30,1,0,96.77,1
1418,Kayla,Schwartz,30,1,0,96.77,1
1419,Jason,Myers,30,1,0,96.77,1
1420,Mary,Arnold,30,1,0,96.77,1
1421,Suzanne,Owens,30,1,0,96.77,1
1422,Misty,Stewart,30,1,0,96.77,1
1423,Paul,Johnson,30,1,0,96.77,1
1424,Jordan,Rocha,30,1,0,96.77,1
1425,Roger,Dixon,30,1,0,96.77,1
1426,Patricia,Garrison,30,1,0,96.77,1
1427,Amanda,Davis,30,1,0,96.77,1
1428,Michael,Ferguson,30,1,0,96.77,1
1429,Melissa,Robinson,30,1,0,96.77,1
1430,Kathryn,Rivera,30,1,0,96.77,1
1431,Javier,Macdonald,30,1,0,96.77,1
1432,Angela,Elliott,30,1,0,96.77,1
1433,Christine,Collins,30,1,0,96.77,1
1434,Calvin,Taylor,30,1,0,96.77,1
1435,Jennifer,Contreras,30,1,0,96.77,1
1436,Jennifer,Mccoy,30,1,0,96.77,1
1437,Daniel,Thomas,30,1,0,96.77,1
1438,Brian,Hess,30,1,0,96.77,1
1439,Jessica,Mathews,30,1,0,96.77,1
1440,Kathryn,Sanchez,30,1,0,96.77,1
1441,Jeremy,Cook,30,1,0,96.77,1
1442,Michael,Anderson,30,1,0,96.77,1
1443,Olivia,Garza,30,1,0,96.77,1
1444,Emily,Mason,30,1,0,96.77,1
1445,Jennifer,Gonzales,30,1,0,96.77,1
1446,Samantha,Rodriguez,30,1,0,96.77,1
1447,Anthony,Adams,30,1,0,96.77,1
1448,Ronald,Diaz,30,1,0,96.77,1
1449,Dana,Lambert,30,1,0,96.77,1
1450,Jonathan,Mckay,30,1,0,96.77,1
1451,Thomas,Odom,30,1,0,96.77,1
1452,John,Wells,30,1,0,96.77,1
1453,Richard,Castillo,30,1,0,96.77,1
1454,Peter,Peck,30,1,0,96.77,1
1455,Chris,Greene,30,1,0,96.77,1
1456,Michael,Vance,30,1,0,96.77,1
1457,Joanne,Howard,30,1,0,96.77,1
1458,James,Clarke,30,1,0,96.77,1
1459,Michael,Smith,30,1,0,96.77,1
1460,Nicole,King,30,1,0,96.77,1
1461,Ruth,Miller,30,1,0,96.77,1
1462,Katelyn,Roman,30,1,0,96.77,1
1463,Allison,Hendricks,30,1,0,96.77,1
1464,Zachary,Lucero,30,1,0,96.77,1
1465,Gregory,Ryan,30,1,0,96.77,1
1466,Jacob,Hall,30,1,0,96.77,1
1467,Mark,Wright,30,1,0,96.77,1
1468,Jennifer,Wright,30,1,0,96.77,1
1469,Kimberly,Dyer,30,1,0,96.77,1
1470,Nicole,Grant,30,1,0,96.77,1
1471,Peter,Anderson,30,1,0,96.77,1
1472,Christine,Hernandez,30,1,0,96.77,1
1473,Christine,Smith,30,1,0,96.77,1
1474,Mark,Robinson,30,1,0,96.77,1
1475,Joan,Estrada,30,1,0,96.77,1
1476,Shelby,Lewis,30,1,0,96.77,1
1477,Joshua,Williams,30,1,0,96.77,1
1478,Cynthia,Martinez,30,1,0,96.77,1
1479,Kevin,Holt,30,1,0,96.77,1
1480,Jessica,Nolan,30,1,0,96.77,1
1481,Timothy,Fowler,30,1,0,96.77,1
1482,Samantha,Ibarra,30,1,0,96.77,1
1483,Michelle,Guerrero,30,1,0,96.77,1
1484,Stephanie,Pineda,30,1,0,96.77,1
1485,Philip,Blair,30,1,0,96.77,1
1486,David,Jimenez,30,1,0,96.77,1
1487,Megan,Bright,30,1,0,96.77,1
1488,Thomas,Montoya,30,1,0,96.77,1
1489,Brenda,Houston,30,1,0,96.77,1
1490,Daniel,Lee,30,1,0,96.77,1
1491,Stephanie,Jones,30,1,0,96.77,1
1492,Rachel,Salas,30,1,0,96.77,1
1493,Oscar,Benjamin,30,1,0,96.77,1
1494,Debra,Brown,30,1,0,96.77,1
1495,Jennifer,Martin,30,1,0,96.77,1
1496,Jeffrey,Conley,30,1,0,96.77,1
1497,Cory,Cook,30,1,0,96.77,1
1498,David,Walters,30,1,0,96.77,1
1499,Jeffrey,Moore,30,1,0,96.77,1
1500,Stacey,Williams,30,1,0,96.77,1
1501,Beth,Stephens,30,1,0,96.77,1
1502,Lisa,Franco,30,1,0,96.77,1
1503,Sarah,Snow,30,1,0,96.77,1
1504,Frederick,Lopez,30,1,0,96.77,1
1505,Cynthia,White,30,1,0,96.77,1
1506,Samantha,Hopkins,30,1,0,96.77,1
1507,Destiny,Rhodes,30,1,0,96.77,1
1508,Jessica,Jones,30,1,0,96.77,1
1509,Mark,Smith,30,1,0,96.77,1
1510,Maureen,Cain,30,1,0,96.77,1
1511,Jennifer,Fuentes,30,1,0,96.77,1
1512,Jennifer,Arnold,30,1,0,96.77,1
1513,Laura,Smith,30,1,0,96.77,1
1514,David,Shaw,30,1,0,96.77,1
1515,Diana,Russo,30,1,0,96.77,1
1516,Hayley,Johnson,30,1,0,96.77,1
1517,Melissa,Jackson,30,1,0,96.77,1
1518,Kimberly,Miller,30,1,0,96.77,1
1519,Andrew,Stanley,30,1,0,96.77,1
1520,Mary,Taylor,30,1,0,96.77,1
1521,Mindy,Jones,30,1,0,96.77,1
1522,John,Powell,30,1,0,96.77,1
1523,Amanda,Padilla,30,1,0,96.77,1
1524,Kevin,Koch,31,0,0,100.0,1
1525,Chad,Moreno,31,0,0,100.0,1
1526,Stephanie,Spencer,31,0,0,100.0,1
1527,Peter,Vargas,31,0,0,100.0,1
1528,Kayla,Bailey,31,0,0,100.0,1
1529,Stephanie,Jones,31,0,0,100.0,1
1530,Nancy,Hartman,31,0,0,100.0,1
1531,Eduardo,Brown,31,0,0,100.0,1
1532,Thomas,Stone,31,0,0,100.0,1
1533,Craig,Carter,31,0,0,100.0,1
1534,Michael,Harrington,31,0,0,100.0,1
1535,Valerie,Nichols,31,0,0,100.0,1
1536,Brian,Garcia,31,0,0,100.0,1
1537,Renee,Smith,31,0,0,100.0,1
1538,Kaitlyn,Frazier,31,0,0,100.0,1
1539,Jesse,Green,31,0,0,100.0,1
1540,Kimberly,Cooper,31,0,0,100.0,1
1541,Matthew,Chambers,31,0,0,100.0,1
1542,Stephanie,Yu,31,0,0,100.0,1
1543,Jose,Hodge,31,0,0,100.0,1
1544,Steve,Kelly,31,0,0,100.0,1
1545,Justin,Morgan,31,0,0,100.0,1
1546,Robert,Black,31,0,0,100.0,1
1547,Gabriella,Pierce,31,0,0,100.0,1
1548,William,Clay,31,0,0,100.0,1
1549,Nicholas,Shea,31,0,0,100.0,1
1550,Heidi,Ellis,31,0,0,100.0,1
1551,Cassandra,Mills,31,0,0,100.0,1
1552,Robert,Hart,31,0,0,100.0,1
1553,Natalie,Garrison,31,0,0,100.0,1
1554,Melissa,Campbell,31,0,0,100.0,1
1555,Joshua,Cervantes,31,0,0,100.0,1
1556,Carlos,Long,31,0,0,100.0,1
1557,Keith,Hunt,31,0,0,100.0,1
1558,Kevin,Turner,31,0,0,100.0,1
1559,Shane,Washington,31,0,0,100.0,1
1560,Mark,Duke,31,0,0,100.0,1
1561,Anna,Lane,31,0,0,100.0,1
1562,Catherine,Ibarra,31,0,0,100.0,1
1563,Brian,Adams,31,0,0,100.0,1
1564,Michael,James,31,0,0,100.0,1
1565,Robert,Hernandez,31,0,0,100.0,1
1566,Anthony,Walton,31,0,0,100.0,1
1567,Meghan,Lewis,31,0,0,100.0,1
1568,Crystal,Holland,31,0,0,100.0,1
1569,Brian,Gibson,31,0,0,100.0,1
1570,Eric,Heath,31,0,0,100.0,1
1571,Holly,Dunn,31,0,0,100.0,1
1572,Paul,Miller,31,0,0,100.0,1
1573,Katherine,Reyes,31,0,0,100.0,1
1574,Paula,Hernandez,31,0,0,100.0,1
1575,Aaron,Ortega,31,0,0,100.0,1
1576,Jonathan,Carter,31,0,0,100.0,1
1577,Christina,Nguyen,31,0,0,100.0,1
1578,Anita,Carter,31,0,0,100.0,1
1579,Madeline,Holmes,31,0,0,100.0,1
1580,Luis,Klein,31,0,0,100.0,1
1581,Laura,Thornton,31,0,0,100.0,1
1582,William,Ball,31,0,0,100.0,1
1583,Kristin,Gilbert,31,0,0,100.0,1
1584,Aaron,Ware,31,0,0,100.0,1
1585,Danny,Carlson,31,0,0,100.0,1
1586,Julie,Adkins,31,0,0,100.0,1
1587,Jerry,Aguirre,31,0,0,100.0,1
1588,Jason,Thomas,31,0,0,100.0,1
1589,Zachary,Houston,31,0,0,100.0,1
1590,Donna,Hoffman,31,0,0,100.0,1
1591,Austin,Sanders,31,0,0,100.0,1
1592,Leslie,Mercado,31,0,0,100.0,1
1593,Derrick,Tucker,31,0,0,100.0,1
1594,Kelsey,Alexander,31,0,0,100.0,1
1595,Rhonda,Smith,31,0,0,100.0,1
1596,Isaac,Santos,31,0,0,100.0,1
1597,David,Sloan,31,0,0,100.0,1
1598,Amanda,Peterson,31,0,0,100.0,1
1599,Cynthia,Weeks,31,0,0,100.0,1
1600,Katherine,Turner,31,0,0,100.0,1
1601,Joseph,Patterson,31,0,0,100.0,1
1602,Jill,Davis,31,0,0,100.0,1
1603,Amy,Moore,31,0,0,100.0,1
1604,Eric,Matthews,31,0,0,100.0,1
1605,Tamara,Bennett,31,0,0,100.0,1
1606,Maria,Perkins,31,0,0,100.0,1
1607,Jillian,Reed,31,0,0,100.0,1
1608,Melissa,Mora,31,0,0,100.0,1
1609,Tina,Smith,31,0,0,100.0,1
1610,Rhonda,Munoz,31,0,0,100.0,1
1611,Heidi,Johnson,31,0,0,100.0,1
1612,Joshua,Davis,31,0,0,100.0,1
1613,Laura,Sanders,31,0,0,100.0,1
1614,Evan,Francis,31,0,0,100.0,1
1615,Cynthia,Miller,31,0,0,100.0,1
1616,Bobby,Miller,31,0,0,100.0,1
1617,Justin,Brooks,31,0,0,100.0,1
1618,Kayla,Krueger,31,0,0,100.0,1
1619,Justin,Kim,31,0,0,100.0,1
1620,Christian,Blankenship,31,0,0,100.0,1
1621,Todd,Williams,31,0,0,100.0,1
1622,Victoria,Perez,31,0,0,100.0,1
1623,Madeline,Hart,31,0,0,100.0,1
1624,Christopher,Meyer,31,0,0,100.0,1
1625,Christopher,Fleming,30,1,0,96.77,1
1626,Karen,Ramsey,31,0,0,100.0,1
1627,Monica,Dalton,31,0,0,100.0,1
1628,Gary,Odonnell,25,6,0,80.65,0
1629,Ann,Scott,25,6,0,80.65,0
1630,Jessica,Jackson,25,6,0,80.65,0
1631,Lauren,Morrison,25,6,0,80.65,0
1632,Alexander,Brown,25,6,0,80.65,0
1633,Thomas,Smith,25,6,0,80.65,0
1634,Jonathan,Torres,25,6,0,80.65,0
1635,Robin,Daniel,25,6,0,80.65,0
1636,Anthony,Peterson,25,6,0,80.65,0
1637,Ashley,Blankenship,25,6,0,80.65,0
1638,Jennifer,Stewart,25,6,0,80.65,0
1639,James,Compton,25,6,0,80.65,0
1640,David,Bates,25,6,0,80.65,0
1641,Stephanie,Green,25,6,0,80.65,0
1642,Garrett,Nichols,25,6,0,80.65,0
1643,Erica,Lopez,25,6,0,80.65,0
1644,Lisa,Benitez,25,6,0,80.65,0
1645,Cheryl,Gutierrez,25,6,0,80.65,0
1646,Stephen,Hawkins,25,6,0,80.65,0
1647,Natalie,Williams,25,6,0,80.65,0
1648,Anthony,Arnold,25,6,0,80.65,0
1649,Deanna,Coleman,25,6,0,80.65,0
1650,Lisa,Barber,25,6,0,80.65,0
1651,Stephanie,Miller,25,6,0,80.65,0
1652,Amy,White,25,6,0,80.65,0
1653,Beverly,Chavez,25,6,0,80.65,0
1654,Richard,Cortez,25,6,0,80.65,0
1655,Kevin,Morgan,25,6,0,80.65,0
1656,Emily,Hebert,25,6,0,80.65,0
1657,Lori,Roberts,25,6,0,80.65,0
1658,Robert,Kirby,25,6,0,80.65,0
1659,Eric,Ross,25,6,0,80.65,0
1660,Rachael,Perry,25,6,0,80.65,0
1661,Kenneth,Gallagher,25,6,0,80.65,0
1662,Thomas,Scott,25,6,0,80.65,0
1663,Elizabeth,Jones,25,6,0,80.65,0
1664,Matthew,Bartlett,25,6,0,80.65,0
1665,Kendra,Perez,25,6,0,80.65,0
1666,Daniel,Brewer,25,6,0,80.65,0
1667,Cody,Tyler,25,6,0,80.65,0
1668,Nicholas,Conrad,25,6,0,80.65,0
1669,Emma,Morris,25,6,0,80.65,0
1670,David,Brown,25,6,0,80.65,0
1671,Charlotte,Zuniga,25,6,0,80.65,0
1672,Luis,Knight,25,6,0,80.65,0
1673,Matthew,Moore,25,6,0,80.65,0
1674,Jennifer,Chan,25,6,0,80.65,0
1675,Christopher,Evans,25,6,0,80.65,0
1676,Tara,Haynes,25,6,0,80.65,0
1677,Jason,Flores,25,6,0,80.65,0
1678,David,Flores,25,6,0,80.65,0
1679,Patricia,Rivera,25,6,0,80.65,0
1680,Alexis,Freeman,25,6,0,80.65,0
1681,Scott,Baxter,25,6,0,80.65,0
1682,Kyle,Rubio,25,6,0,80.65,0
1683,Nancy,Montes,25,6,0,80.65,0
1684,Andre,Graham,25,6,0,80.65,0
1685,Christine,Rivera,25,6,0,80.65,0
1686,William,Holt,25,6,0,80.65,0
1687,Tammy,Morris,25,6,0,80.65,0
1688,Kimberly,Bates,25,6,0,80.65,0
1689,Sheena,Murphy,25,6,0,80.65,0
1690,Robert,Mccall,25,6,0,80.65,0
1691,Julie,Floyd,25,6,0,80.65,0
1692,Barry,Taylor,25,6,0,80.65,0
1693,Dennis,Gonzalez,25,6,0,80.65,0
1694,Angel,Williams,25,6,0,80.65,0
1695,Ronald,Palmer,25,6,0,80.65,0
1696,Dustin,Stanley,25,6,0,80.65,0
1697,Jennifer,Lewis,25,6,0,80.65,0
1698,Mark,Gardner,25,6,0,80.65,0
1699,Laura,Barber,25,6,0,80.65,0
1700,Nicole,Weeks,31,0,0,100.0,1
1701,Ricky,Walker,31,0,0,100.0,1
1702,Whitney,Walls,31,0,0,100.0,1
1703,Catherine,May,31,0,0,100.0,1
1704,Joel,Williams,31,0,0,100.0,1
1705,Daisy,Ellis,31,0,0,100.0,1
1706,Deborah,Miller,31,0,0,100.0,1
1707,David,Hoffman,31,0,0,100.0,1
1708,Rebecca,Pearson,31,0,0,100.0,1
1709,Mitchell,Walker,31,0,0,100.0,1
1710,James,Sherman,31,0,0,100.0,1
1711,Justin,Johnson,31,0,0,100.0,1
1712,Brenda,Morales,31,0,0,100.0,1
1713,Jesse,Melton,31,0,0,100.0,1
1714,Jon,Mendoza,31,0,0,100.0,1
1715,Samantha,Anderson,31,0,0,100.0,1
1716,Lindsay,Love,31,0,0,100.0,1
1717,John,Benson,31,0,0,100.0,1
1718,Isaiah,Cruz,31,0,0,100.0,1
1719,Brian,Baker,31,0,0,100.0,1
1720,Joshua,Dillon,31,0,0,100.0,1
1721,Christopher,Stephens,31,0,0,100.0,1
1722,Kimberly,Shaw,31,0,0,100.0,1
1723,Colleen,Vargas,31,0,0,100.0,1
1724,Mark,Mathews,31,0,0,100.0,1
1725,Teresa,Lopez,31,0,0,100.0,1
1726,Laura,Allen,31,0,0,100.0,1
1727,Lisa,Sosa,31,0,0,100.0,1
1728,Drew,Nelson,31,0,0,100.0,1
1729,Kimberly,Brooks,31,0,0,100.0,1
1730,Carla,Lopez,31,0,0,100.0,1
1731,Keith,Smith,31,0,0,100.0,1
1732,Eric,Erickson,31,0,0,100.0,1
1733,Juan,Baker,31,0,0,100.0,1
1734,Kyle,Harrison,31,0,0,100.0,1
1735,Duane,Meyers,31,0,0,100.0,1
1736,Marissa,May,31,0,0,100.0,1
1737,Shane,Lopez,31,0,0,100.0,1
1738,Eric,Obrien,31,0,0,100.0,1
1739,Kevin,Joyce,31,0,0,100.0,1
1740,Thomas,Ward,31,0,0,100.0,1
1741,Toni,Smith,31,0,0,100.0,1
1742,Caitlin,Moody,31,0,0,100.0,1
1743,Justin,Ryan,31,0,0,100.0,1
1744,Joseph,Griffin,31,0,0,100.0,1
1745,Dawn,Fox,31,0,0,100.0,1
1746,David,Ochoa,31,0,0,100.0,1
1747,Bonnie,Brown,31,0,0,100.0,1
1748,Michael,Evans,31,0,0,100.0,1
1749,Molly,Meadows,31,0,0,100.0,1
1750,Dana,Peters,31,0,0,100.0,1
1751,Patricia,Phelps,31,0,0,100.0,1
1752,Maria,Jones,31,0,0,100.0,1
1753,Anthony,Johns,31,0,0,100.0,1
1754,David,Schmidt,31,0,0,100.0,1
1755,Amanda,Cox,31,0,0,100.0,1
1756,William,Patterson,31,0,0,100.0,1
1757,Sydney,Wood,31,0,0,100.0,1
1758,Donald,Fischer,31,0,0,100.0,1
1759,Anthony,Palmer,31,0,0,100.0,1
1760,Christina,Garcia,31,0,0,100.0,1
1761,Misty,Anderson,31,0,0,100.0,1
1762,Shannon,Weber,31,0,0,100.0,1
1763,Jennifer,Palmer,31,0,0,100.0,1
1764,Michael,Arnold,31,0,0,100.0,1
1765,James,Hernandez,31,0,0,100.0,1
1766,Erin,Cannon,31,0,0,100.0,1
1767,Nicole,Lee,31,0,0,100.0,1
1768,Jacob,Ross,31,0,0,100.0,1
1769,Morgan,Cisneros,31,0,0,100.0,1
1770,Amber,Stuart,31,0,0,100.0,1
1771,Tyler,Griffin,31,0,0,100.0,1
1772,Daniel,Gonzalez,31,0,0,100.0,1
1773,Joseph,Jones,31,0,0,100.0,1
1774,Jessica,Hampton,31,0,0,100.0,1
1775,Deborah,Butler,31,0,0,100.0,1
1776,Julie,Black,31,0,0,100.0,1
1777,Bryan,Dorsey,31,0,0,100.0,1
1778,Chad,Gomez,31,0,0,100.0,1
1779,Andrew,Clark,31,0,0,100.0,1
1780,Brian,Wright,31,0,0,100.0,1
1781,Jessica,Smith,31,0,0,100.0,1
1782,Thomas,Brooks,31,0,0,100.0,1
1783,Kimberly,Knox,31,0,0,100.0,1
1784,Jamie,Mccarthy,31,0,0,100.0,1
1785,Kristen,Werner,31,0,0,100.0,1
1786,Jonathan,Weiss,31,0,0,100.0,1
1787,Renee,Smith,31,0,0,100.0,1
1788,Tony,Hopkins,31,0,0,100.0,1
1789,Thomas,Buckley,31,0,0,100.0,1
1790,Debra,Evans,31,0,0,100.0,1
1791,Richard,Bell,31,0,0,100.0,1
1792,Katelyn,Watkins,31,0,0,100.0,1
1793,Michele,Stout,31,0,0,100.0,1
1794,Lisa,Estes,31,0,0,100.0,1
1795,Casey,Hall,31,0,0,100.0,1
1796,Joshua,Cole,31,0,0,100.0,1
1797,Andrew,Jackson,31,0,0,100.0,1
1798,Karen,Rodriguez,31,0,0,100.0,1
1799,Sara,Johnson,31,0,0,100.0,1
1800,Alyssa,Costa,31,0,0,100.0,1
1801,Daniel,Poole,31,0,0,100.0,1
1802,Ricardo,Juarez,31,0,0,100.0,1
1803,Tony,Castillo,31,0,0,100.0,1
1804,Brian,Kelly,31,0,0,100.0,1
1805,Tyler,Moore,31,0,0,100.0,1
1806,Sharon,Martinez,31,0,0,100.0,1
1807,Mary,Malone,31,0,0,100.0,1
1808,Rebecca,Huang,31,0,0,100.0,1
1809,Alan,Santos,31,0,0,100.0,1
1810,Martin,Duran,31,0,0,100.0,1
1811,Christopher,Gutierrez,31,0,0,100.0,1
1812,Brandy,Maldonado,31,0,0,100.0,1
1813,Brenda,Sanders,31,0,0,100.0,1
1814,Drew,Mccann,31,0,0,100.0,1
1815,Joshua,Ayala,31,0,0,100.0,1
1816,Tina,Rose,31,0,0,100.0,1
1817,William,Khan,31,0,0,100.0,1
1818,William,Avery,31,0,0,100.0,1
1819,John,Fuller,31,0,0,100.0,1
1820,Jeremy,Coleman,31,0,0,100.0,1
1821,Laura,Wright,31,0,0,100.0,1
1822,David,Luna,31,0,0,100.0,1
1823,Christopher,Jensen,31,0,0,100.0,1
1824,Luis,Little,31,0,0,100.0,1
1825,Joseph,Garcia,31,0,0,100.0,1
1826,Michael,York,31,0,0,100.0,1
1827,Debbie,Landry,31,0,0,100.0,1
1828,Michael,Gordon,31,0,0,100.0,1
1829,Melissa,Harris,31,0,0,100.0,1
1830,Jonathon,Wilson,31,0,0,100.0,1
1831,Margaret,Santos,31,0,0,100.0,1
1832,Hailey,Arroyo,31,0,0,100.0,1
1833,Steven,Webster,31,0,0,100.0,1
1834,Tina,Harrison,31,0,0,100.0,1
1835,Andrew,Nunez,31,0,0,100.0,1
1836,Renee,Cruz,31,0,0,100.0,1
1837,Victoria,Taylor,31,0,0,100.0,1
1838,Joseph,Dixon,31,0,0,100.0,1
1839,Heather,Gutierrez,31,0,0,100.0,1
1840,Cynthia,Hodges,31,0,0,100.0,1
1841,Danielle,Kelley,31,0,0,100.0,1
1842,Michael,Mccall,31,0,0,100.0,1
1843,Dylan,Edwards,31,0,0,100.0,1
1844,Franklin,Riley,31,0,0,100.0,1
1845,Caitlin,Duncan,31,0,0,100.0,1
1846,Robin,Reeves,31,0,0,100.0,1
1847,Rebecca,Gibbs,31,0,0,100.0,1
1848,Peter,Santos,31,0,0,100.0,1
1849,Daryl,Arnold,31,0,0,100.0,1
1850,Michael,Davis,31,0,0,100.0,1
1851,Leslie,Cox,31,0,0,100.0,1
1852,Jamie,Carter,31,0,0,100.0,1
1853,Shane,Payne,31,0,0,100.0,1
1854,Kimberly,Haley,31,0,0,100.0,1
1855,George,Duran,31,0,0,100.0,1
1856,Donald,Carney,31,0,0,100.0,1
1857,Michelle,Brown,31,0,0,100.0,1
1858,Elizabeth,Hawkins,31,0,0,100.0,1
1859,Johnny,Gomez,31,0,0,100.0,1
1860,Christopher,Mcconnell,31,0,0,100.0,1
1861,Kyle,Rodriguez,31,0,0,100.0,1
1862,Rhonda,Cook,31,0,0,100.0,1
1863,Nathan,Fitzpatrick,31,0,0,100.0,1
1864,John,Mitchell,31,0,0,100.0,1
1865,Billy,Compton,31,0,0,100.0,1
1866,Richard,Chavez,31,0,0,100.0,1
1867,Victor,Andrade,31,0,0,100.0,1
1868,Gregory,Lee,31,0,0,100.0,1
1869,Alexandra,Blackburn,31,0,0,100.0,1
1870,Kristopher,Murray,31,0,0,100.0,1
1871,Wanda,Pearson,31,0,0,100.0,1
1872,Denise,Rose,31,0,0,100.0,1
1873,Andrew,Reed,31,0,0,100.0,1
1874,David,Castro,31,0,0,100.0,1
1875,Tim,Duncan,31,0,0,100.0,1
1876,Joshua,Walker,31,0,0,100.0,1
1877,Julie,Rogers,31,0,0,100.0,1
1878,Gina,Gilbert,31,0,0,100.0,1
1879,Miguel,Nicholson,31,0,0,100.0,1
1880,Daniel,Murray,31,0,0,100.0,1
1881,Lauren,Ellis,31,0,0,100.0,1
1882,Bridget,Martin,31,0,0,100.0,1
1883,Maureen,Hart,31,0,0,100.0,1
1884,Sabrina,Davis,31,0,0,100.0,1
1885,Richard,Davis,31,0,0,100.0,1
1886,Angela,Koch,31,0,0,100.0,1
1887,William,Smith,31,0,0,100.0,1
1888,Catherine,Coffey,31,0,0,100.0,1
1889,Christopher,Pace,31,0,0,100.0,1
1890,Rachel,Reeves,31,0,0,100.0,1
1891,Jillian,Arroyo,31,0,0,100.0,1
1892,Patricia,Douglas,31,0,0,100.0,1
1893,Brandon,Butler,31,0,0,100.0,1
1894,Erica,Valdez,31,0,0,100.0,1
1895,Alexis,Byrd,31,0,0,100.0,1
1896,James,Simpson,31,0,0,100.0,1
1897,Robert,Campbell,31,0,0,100.0,1
1898,Nicole,Smith,31,0,0,100.0,1
1899,Patricia,Porter,31,0,0,100.0,1
1900,Brian,Chan,31,0,0,100.0,1
1901,Katherine,Norman,31,0,0,100.0,1
1902,Pamela,Gomez,31,0,0,100.0,1
1903,Amy,Morrow,31,0,0,100.0,1
1904,Luke,Hernandez,31,0,0,100.0,1
1905,Roberto,Rodriguez,31,0,0,100.0,1
1906,Carla,Jackson,31,0,0,100.0,1
1907,Aaron,Allen,31,0,0,100.0,1
1908,Wendy,Burch,31,0,0,100.0,1
1909,Sarah,Hansen,31,0,0,100.0,1
1910,Amy,Dominguez,31,0,0,100.0,1
1911,Mark,Jacobs,31,0,0,100.0,1
1912,Melissa,Mendoza,31,0,0,100.0,1
1913,Bethany,Thomas,31,0,0,100.0,1
1914,Michael,Webb,31,0,0,100.0,1
1915,Gregory,Cole,31,0,0,100.0,1
1916,Jeffrey,Miller,31,0,0,100.0,1
1917,Rebecca,Castillo,31,0,0,100.0,1
1918,Amanda,Green,31,0,0,100.0,1
1919,Joseph,Hess,31,0,0,100.0,1
1920,Kyle,Novak,31,0,0,100.0,1
1921,Kara,Coleman,31,0,0,100.0,1
1922,Daniel,Martin,31,0,0,100.0,1
1923,Andrea,Richards,31,0,0,100.0,1
1924,Sydney,Clay,31,0,0,100.0,1
1925,Jeremy,Tran,31,0,0,100.0,1
1926,Michael,Hayden,31,0,0,100.0,1
1927,Antonio,Beasley,31,0,0,100.0,1
1928,Michelle,Lopez,31,0,0,100.0,1
1929,Catherine,Brooks,31,0,0,100.0,1
1930,Anita,Gonzalez,31,0,0,100.0,1
1931,James,Hudson,31,0,0,100.0,1
1932,Alicia,Rodriguez,31,0,0,100.0,1
1933,Tracy,Martinez,31,0,0,100.0,1
1934,Christopher,Montgomery,31,0,0,100.0,1
1935,Sherri,Cruz,31,0,0,100.0,1
1936,Elizabeth,Adams,31,0,0,100.0,1
1937,Melissa,Simmons,31,0,0,100.0,1
1938,Carol,Ramos,31,0,0,100.0,1
1939,Michael,Adams,31,0,0,100.0,1
1940,Michael,Wilson,31,0,0,100.0,1
1941,Matthew,Gonzalez,31,0,0,100.0,1
1942,Lisa,Palmer,31,0,0,100.0,1
1943,Andrew,Olson,31,0,0,100.0,1
1944,Jennifer,Johnson,31,0,0,100.0,1
1945,Benjamin,Marks,31,0,0,100.0,1
1946,Christopher,Gonzales,31,0,0,100.0,1
1947,Melissa,Finley,31,0,0,100.0,1
1948,Tracy,Hendricks,31,0,0,100.0,1
1949,Steven,Ramsey,31,0,0,100.0,1
1950,Pamela,Smith,31,0,0,100.0,1
1951,Vicki,Jackson,31,0,0,100.0,1
1952,Anne,Malone,31,0,0,100.0,1
1953,Danielle,Johnson,31,0,0,100.0,1
1954,Willie,Miller,31,0,0,100.0,1
1955,Andrea,Delgado,31,0,0,100.0,1
1956,Melanie,Clark,31,0,0,100.0,1
1957,Jessica,Beasley,31,0,0,100.0,1
1958,Cindy,Bradley,31,0,0,100.0,1
1959,Dennis,Richardson,31,0,0,100.0,1
1960,Peggy,Hoover,31,0,0,100.0,1
1961,Peter,Rice,31,0,0,100.0,1
1962,Sabrina,Perez,31,0,0,100.0,1
1963,Michael,Parker,31,0,0,100.0,1
1964,David,Calderon,31,0,0,100.0,1
1965,James,Gordon,31,0,0,100.0,1
1966,Jennifer,Leblanc,31,0,0,100.0,1
1967,Paul,Bailey,31,0,0,100.0,1
1968,Tiffany,Smith,31,0,0,100.0,1
1969,Victoria,Alvarez,31,0,0,100.0,1
1970,Willie,Elliott,31,0,0,100.0,1
1971,James,Bryant,31,0,0,100.0,1
1972,Kimberly,Swanson,31,0,0,100.0,1
1973,Beverly,Dawson,31,0,0,100.0,1
1974,Lisa,Stewart,31,0,0,100.0,1
1975,Dwayne,Sims,31,0,0,100.0,1
1976,Ashley,Fleming,31,0,0,100.0,1
1977,Lisa,Stafford,31,0,0,100.0,1
1978,Kristin,Garcia,31,0,0,100.0,1
1979,Eric,Adkins,31,0,0,100.0,1
1980,Allison,Henderson,31,0,0,100.0,1
1981,Alison,Palmer,31,0,0,100.0,1
1982,Shane,Parker,31,0,0,100.0,1
1983,Debra,Gilbert,31,0,0,100.0,1
1984,Mary,Jackson,31,0,0,100.0,1
1985,Joshua,Stuart,31,0,0,100.0,1
1986,Benjamin,Williams,31,0,0,100.0,1
1987,David,Frank,31,0,0,100.0,1
1988,Holly,Erickson,31,0,0,100.0,1
1989,Charles,Miller,31,0,0,100.0,1
1990,Samuel,Baker,31,0,0,100.0,1
1991,Anthony,Moore,29,2,0,93.55,1
1992,Charlotte,Rowe,31,0,0,100.0,1
1993,John,Peterson,31,0,0,100.0,1
1994,Shawn,Ochoa,21,10,0,67.74,0
1995,Steven,Lewis,22,9,0,70.97,0
1996,Alan,Reynolds,22,9,0,70.97,0
1997,Thomas,Gilbert,22,9,0,70.97,0
1998,Madison,Cross,31,0,0,100.0,1
1999,Brittany,Compton,31,0,0,100.0,1
2000,Natalie,Smith,30,1,0,96.77,1
